,count,mean,std,min,q25,median,q75,max,skewness,kurtosis,cv,range,iqr,mean_pass,mean_fail,std_pass,std_fail
F001,1567.0,0.03294674945313218,0.8148923417263798,-2.9715679210774257,-0.49875297899462445,0.0,0.501247021005373,3.501247021005373,0.4915088126514956,1.3744547985913274,24.733618800873117,6.472814942082799,0.9999999999999974,0.03827819385974132,-0.042052319459071515,0.8019965070093805,0.9799887793192354
F002,1567.0,-0.04194455667509947,0.9223433870438837,-3.5441406024166024,-0.5441406024166027,0.0,0.4558593975833974,3.4558593975833976,-0.06896104894586662,1.9499997806204448,21.98958482661581,7.0,1.0,-0.040391754981751175,-0.06378829588056646,0.9287279405278205,0.8310897558755284
F003,1567.0,-0.010276294127573828,0.7910593843820793,-3.5409809489585498,-0.5409809489585499,0.0,0.4590190510414501,3.0855608182410452,-0.22828461037099373,1.875360821642781,76.97905241759216,6.626541767199595,1.0,-0.009806712343315845,-0.01688204557343394,0.7873321946721867,0.8457582834965668
F004,1567.0,0.21067734215676132,0.8395052551345987,-2.531227440638434,-0.40252374831334764,0.0,0.5974762516866526,3.5974762516866527,1.427611730679747,2.7545237213411173,3.984791371185767,6.128703692325087,1.0000000000000002,0.216089408666567,0.13454413731209064,0.8501372519185723,0.6710848483265475
F005,1567.0,0.03736330490596164,0.7908436496808374,-1.2422761048103248,-0.5848650762612436,0.0,0.4151349237387563,3.4151349237387563,1.0666746613076976,1.9606583728391653,21.166319511887856,4.657411028549081,1.0,0.04188133254885007,-0.02619318010890158,0.7994583639002627,0.6577819628818867
F007,1567.0,-0.06465243084782618,0.9239724878077623,-2.8726784946714736,-0.5442957297641824,0.0,0.4557042702358176,3.4557042702358176,-0.16703386535685957,1.6537390004458281,14.291380473663006,6.328382764907291,1.0,-0.0690246975354794,-0.0031464100397812136,0.9357008117104986,0.7404967749599193
F013,1567.0,0.09783361040021545,0.6821300184871479,-3.362232213018661,-0.36223221301866115,0.0,0.6377677869813352,3.637767786981339,0.22142391756756336,1.2388835622079721,6.972348415741114,7.0,0.9999999999999963,0.09840812886687704,0.08975168235477395,0.6831852070801516,0.6702978140738813
F015,1567.0,0.008696931598012526,0.7427289407284577,-1.7875304031154062,-0.4989832400749615,0.0,0.5010167599250388,2.8104041786839287,0.16824744101375996,0.001727601445409288,85.40126276407523,4.5979345817993345,1.0000000000000002,0.02237417828156384,-0.18370510588309885,0.7419614199958902,0.7301655559762358
F016,1567.0,0.03074324449411922,0.6862399717827385,-3.4695156036161063,-0.46951560361610656,0.0,0.5304843963838934,3.5304843963838937,0.31106337680319845,1.1760471369923273,22.32165092047086,7.0,1.0,0.02914535989068749,0.05322117886739445,0.6932426793821296,0.5812345646164253
F017,1567.0,0.0005304839719148266,0.8305136862012892,-3.5053035029860062,-0.5053035029860062,0.0,0.4946964970139938,3.4946964970139938,-0.08010424248029223,1.3264384497405421,1565.5773380633966,7.0,1.0,-0.008694543853414968,0.13030178886092902,0.8183423175171456,0.9813752067302741
F019,1567.0,0.0986417045986648,0.6875582484505643,-3.349997439573939,-0.3499974395739428,0.0,0.6500025604260609,3.650002560426061,0.08500771380284056,1.0468010495870033,6.970259194536474,7.0,1.0000000000000036,0.10040402753093537,0.07385056565720476,0.6896721624488559,0.6598008589575197
F020,1567.0,-0.03639941766792152,0.8941476650375279,-3.4546498277841393,-0.4546498277841392,0.0,0.5453501722158608,3.5453501722158607,-0.7278981002378725,2.3269408931923765,24.56488928395597,7.0,1.0,-0.04367902325481848,0.06600503400160018,0.9058337960457117,0.7052298195839808
F022,1567.0,-0.20110883423905246,0.9039708304658175,-2.814878892733564,-0.7117214532871972,0.0,0.28827854671280273,3.2882785467128026,0.3372687783062509,2.123208391567589,4.494933471628589,6.103157439446367,0.9999999999999999,-0.22274997812240574,0.10332379558158104,0.8843124656360573,1.106281132591601
F023,1567.0,0.16926569016776705,0.9439555427119094,-3.3255924170616113,-0.32559241706161135,0.0,0.6744075829383887,3.6744075829383887,-0.11399598431277427,2.509926569611488,5.576768344315583,7.0,1.0,0.18153343289287413,-0.0033084214363835037,0.9252716114125545,1.1675697252549075
F024,1567.0,0.003361671379724798,1.245347982250919,-3.5369806262946266,-0.5369806262946265,0.0,0.4630193737053735,3.4630193737053734,0.1275853121690981,1.558598815225798,370.45500324377747,7.0,1.0,-0.0031237469372668546,0.09459404635817457,1.2371842600592122,1.358166539460856
F025,1567.0,-0.07612692907328006,0.989240728654469,-3.490600681997027,-0.4906006819970272,0.0,0.5093993180029728,3.509399318002973,-0.019978361194225195,2.5935279472312445,12.994622805409996,7.0,1.0,-0.07161052448699466,-0.13966058205150625,0.9999049840845824,0.8262173595675771
F027,1567.0,-0.29827379463587417,0.8007396747896635,-3.8252326783867616,-0.8252326783867617,0.0,0.1747673216132382,0.687693898655636,-2.4248035143583553,7.2658283005477,2.684579366968874,4.512926577042398,1.0,-0.29038587820496004,-0.40923554212075347,0.7747860469374364,1.1020443507123465
F028,1567.0,-0.30326528330257846,0.6022492761797995,-3.51621490803485,-0.9684898354307843,0.0,0.03151016456921596,0.19085188770571168,-2.103576731766315,4.990507649490213,1.9858826886456646,3.7070667957405616,1.0000000000000002,-0.29805644755204036,-0.3765395785240896,0.5839357457298104,0.8177789204453025
F029,1567.0,0.07100470831989453,0.7089050897163405,-1.9977269702151232,-0.36291685011314145,0.0,0.63708314988686,1.7906560045870175,-0.06348088293462452,-0.27840906320835135,9.983916651168485,3.7883829748021407,1.0000000000000013,0.09135162997292674,-0.2152216991645884,0.7075126525626767,0.6684451978901426
F030,1567.0,-0.020985927213936786,0.7215690055485013,-3.019410622904535,-0.5097935415563789,0.0,0.49020645844362104,1.9998235397917765,-0.30267266533436116,0.3942237740385788,34.383470320764424,5.0192341626963115,1.0,-0.02464568949203004,0.030497074832701955,0.7244898890681766,0.6803656354566203
F032,1567.0,0.6399604297952761,1.6521042200709044,-3.4054453980467603,-0.4054453980467604,0.0,0.5945546019532396,3.5945546019532397,1.0167364638105705,-0.4035768779848996,2.5815724584672095,7.0,1.0,0.654451310282216,0.43611275525303306,1.6671309983101363,1.4152876863862267
F033,1567.0,0.04670498548689502,0.8460744079989733,-1.5487256967913818,-0.5138165480497803,0.0,0.4861834519502253,3.4861834519502253,1.095277933203589,3.0108810612532215,18.115291101380567,5.034909148741607,1.0000000000000056,0.03680115234537213,0.18602525362197214,0.8444938433592489,0.8600741933602889
F034,1567.0,0.163074541415448,0.9065520503375957,-2.423764021603651,-0.39468217698379565,0.0,0.6053178230162044,3.6053178230162044,1.2840569204181558,2.737051305725557,5.559126780080947,6.0290818446198555,1.0,0.14094869117500555,0.4743256847016717,0.9010458262681099,0.9307628069160926
F036,1567.0,0.14632843344271057,0.9097719565257999,-1.526727102219442,-0.44076273835574725,0.0,0.5592372616442527,3.559237261644253,1.3355125963116907,3.0364334672725635,6.217328615602037,5.085964363863695,1.0,0.156988780456625,-0.0036339481087973666,0.9105947277514748,0.8888983664847275
F037,1567.0,-0.11826417565909875,0.8463100004917851,-3.5563380281690233,-0.5563380281690122,0.0,0.4436619718309769,1.719534598897697,-1.617225913285929,4.807812419301181,7.15609774276998,5.27587262706672,0.9999999999999891,-0.12220085648067716,-0.06288567525554868,0.8464634008873593,0.8462812186962351
F038,1567.0,-0.03481472533205906,0.9891678976137284,-3.6323092170466,-0.6323092170465765,0.0,0.36769078295339996,3.3676907829534,0.17664031754624807,2.590143048589625,28.412342425532312,7.0,0.9999999999999765,-0.04578772817259759,0.11954588193436264,0.9923926701977266,0.9335319802450321
F039,1567.0,0.037922868909521935,1.0273599686775365,-3.571563310539981,-0.571563310539981,0.0,0.42843668946001895,3.428436689460019,1.1492454019976348,3.330177445685149,27.090776573406586,7.0,1.0,0.02114211382134145,0.2739829140442148,0.9856735474670566,1.482083456868628
F040,1567.0,0.1507936968370888,1.0623670472822175,-3.4136363636363645,-0.41363636363636425,0.0,0.5863636363636358,3.5863636363636355,0.6131213326464463,2.4551161961662045,7.045168793911255,7.0,1.0,0.15284255502983843,0.1219717782217747,1.0693903375757654,0.9623764198972097
F041,1567.0,-0.6192266725140761,1.4766080880614616,-3.653671804170445,-0.6536718041704461,0.0,0.3463281958295551,1.4197642792384402,-1.2830116369594284,0.04464894694357513,2.384600266109356,5.073436083408885,1.0000000000000013,-0.5902934208512307,-1.0262396261942963,1.4624231259172145,1.6168294518796877
F042,1567.0,0.18598843962481593,1.1595477208992346,-3.460431654676259,-0.46043165467625885,0.0,0.5395683453237412,3.5395683453237408,0.6994934589853029,1.2780093204940508,6.234515022719105,7.0,1.0,0.173750186453708,0.35814771259915157,1.1453796352535708,1.3375655569258342
F044,1567.0,0.1824844433995027,0.6250476164720189,-1.0987468671679215,-0.2925012531328299,0.0,0.7074987468671702,2.3641904761904864,0.5553797599633591,-0.5318697080709502,3.4252104169790125,3.4629373433584076,1.0,0.18586410660965674,0.13494168112589341,0.628605606851518,0.5733412244093938
F045,1567.0,-0.016321065815037904,0.7676357632534284,-2.514096916299558,-0.48127753303965215,0.0,0.5187224669603478,3.518722466960348,-0.25832328042850244,0.5468078796467712,47.03343347216398,6.0328193832599055,1.0,-0.011611979488171486,-0.08256523212470707,0.7727842858223746,0.6911348690117635
F046,1567.0,0.031463194371320925,0.6906967025396337,-2.4239426081598516,-0.49761454161348495,0.0,0.502385458386515,3.502385458386516,0.37469267352184815,0.5683477562540449,21.95252949736278,5.926328066546368,1.0,0.029913835165874075,0.05325850704025084,0.6872061372218656,0.7412482799490144
F047,1567.0,0.013072259525612154,0.7147563613921255,-1.9745741313806897,-0.5297212549692007,0.0,0.47027874503079925,3.30663127792882,0.338638558426298,0.022770452588278367,54.67733867561639,5.28120540930951,1.0,0.014825041126151,-0.01158465856658389,0.7173364656781659,0.6802443459229427
F048,1567.0,-0.20443968218377895,0.5337244198199532,-2.122466216216216,-0.7477477477477474,0.0,0.25225225225225256,0.73338963963964,-0.37424231429750504,-1.2857810455826388,2.610669387255046,2.8558558558558556,1.0,-0.2084410965989911,-0.14815055440055416,0.5356951939030006,0.5042671233709607
F049,1567.0,-0.005776023011009457,0.7209621025803497,-2.2669601697213384,-0.49129859150436395,0.0,0.5087014084956406,3.5087014084956385,-0.03392317032302666,0.07936475582758584,124.81981132715909,5.775661578216977,1.0000000000000044,-0.002822673976678582,-0.04732169259972158,0.7187628580739585,0.7535975386210474
F051,1567.0,0.07277316569069457,0.708427932680056,-1.9648346243698442,-0.44543218984384975,0.0,0.5545678101561502,2.982015656379345,0.39020761925158826,-0.1275174116546034,9.734741177556154,4.94685028074919,1.0,0.07561657572723415,0.032774041811295944,0.7137252084192587,0.6309358244937957
F052,1567.0,-0.2832136352616641,0.665998338320267,-1.5630881479429268,-0.7410659982524619,0.0,0.2589340017475381,0.822501383877513,-0.5078828953212026,-1.1031203236356877,2.3515758261518465,2.3855895318204396,1.0,-0.2843184959888997,-0.26767121945449524,0.6631057843175432,0.7086384588622736
F056,1567.0,0.059046787357673054,0.6793369628386161,-1.394736842105263,-0.47368421052631576,0.0,0.5263157894736842,2.1578947368421053,0.36925799269704923,-0.32444838713963,11.505062226536735,3.552631578947368,1.0,0.06024031370291758,0.04225708502024292,0.6702591796100003,0.7997325134168545
F060,1567.0,0.27146336674234633,1.2456474526248227,-3.454164416465827,-0.45416441646582784,0.0,0.5458355835341722,3.5458355835341724,1.2039707531775257,1.5105420605365447,4.588639224394921,7.0,1.0,0.21127070089503008,1.1182121180368039,1.2028793794164347,1.5092021919830434
F061,1567.0,0.15093523008525914,0.6645146033626789,-3.2073252799382206,-0.3508687737878542,0.0,0.6491312262121458,2.215135969992825,0.3174758816374257,0.2921938034785283,4.402647433491242,5.422461249931045,1.0,0.15415156970849742,0.10568999096220504,0.6674861423200072,0.6224717218624868
F062,1567.0,-0.04457137470060139,0.8864145512674672,-3.1681818181818184,-0.4962662337662338,0.0,0.5037337662337662,3.503733766233769,-0.32173567523421276,1.2697124511165017,19.887529994349027,6.671915584415587,1.0,-0.046921465410869626,-0.011511925574424273,0.8709730411614625,1.0850624622432226
F063,1567.0,0.017306619499470908,0.8121561568086637,-3.471553303143015,-0.47155330314301547,0.0,0.5284466968569853,3.528446696856985,-0.10539135075151519,1.9236207944524493,46.92748672186184,7.0,1.0000000000000009,0.02273053133015849,-0.05899321711875865,0.7920296665260517,1.0573492847176689
F064,1567.0,0.09708199460589065,0.8670435254456429,-1.9508738860792516,-0.4825517305216389,0.0,0.5174482694783613,3.5174482694783613,1.1241901770673117,2.31312230328329,8.931043588015672,5.468322155557613,1.0000000000000002,0.07852270418642851,0.3581612434873626,0.8400378034765802,1.1574591403447676
F065,1567.0,0.09179448167250659,0.8976457967197444,-2.4958290029155608,-0.4865396819557241,0.0,0.5134603180442758,3.513460318044276,0.9551261836294722,1.9532660180810568,9.778864484604632,6.009289320959837,1.0,0.07324771309023498,0.35269758201734613,0.8517567595375606,1.3709337677418043
F066,1567.0,0.10370153566430035,0.8914299860729945,-3.2023898104783988,-0.46749390875534336,0.0,0.5325060912446562,3.5325060912446564,0.9740133466923033,2.1670278347711474,8.596111719599891,6.734895901723055,0.9999999999999996,0.08749908489595602,0.33162639599206745,0.8530791347483702,1.302235858982156
F067,1567.0,0.013228856908577084,0.7260766508922764,-3.4880441098451356,-0.4880441098451318,0.0,0.5119558901548646,3.5119558901548644,-0.11732471349711891,0.8946782103242357,54.88581937617227,7.0,0.9999999999999964,0.020867876560513803,-0.0942315830028019,0.7232387933169216,0.7603925607689279
F068,1567.0,0.08931952058762438,0.9849665648489053,-3.2541786743515853,-0.50028818443804,0.0,0.4997118155619597,3.4997118155619598,0.8444991025086069,3.1064054470667495,11.027450196305121,6.753890489913545,0.9999999999999998,0.07445007593650123,0.29849257370871235,0.9671082462565753,1.1946042989972379
F069,1567.0,-0.022311429656721112,0.7940727933978787,-3.500764039220681,-0.5007640392206811,0.0,0.49923596077932175,3.499235960779319,-0.2844387932996327,1.0144598646174146,35.59040391313881,7.0,1.0000000000000029,-0.015347471743618784,-0.12027556837661232,0.789019911955274,0.8601373309917194
F071,1567.0,0.0018605465384625977,0.7446392761440512,-3.0054493604766153,-0.5049310460271301,0.0,0.4950689539728699,3.49506895397287,0.010054348655632107,0.31983914993838036,400.226095047928,6.500518314449485,1.0,0.012245102532870191,-0.14422219788286722,0.7402974678666536,0.792657677633612
F072,1567.0,0.04635927588170414,1.0755207387211954,-2.90244460492353,-0.5375127807291628,0.0,0.46248721927083725,3.462487219270837,0.940882783317516,2.1574029404898782,23.19968805040059,6.364931824194366,1.0,0.047859130089504306,0.02526036524697684,1.0614459625666641,1.2627021829953586
F075,1567.0,0.0,0.0,0.0,0.0,0.0,0.0,0.0,0.0,0.0,0.0,0.0,0.0,0.0,0.0,0.0,0.0
F084,1567.0,-0.02185873106505933,0.7341298483570807,-2.335419630156474,-0.5165718349928888,0.0,0.4834281650071125,2.166287339971551,-0.08024896401064495,-0.0091961219460579,33.58519971440543,4.501706970128025,1.0000000000000013,-0.017059200438702196,-0.08937520516467928,0.7314464756329866,0.7714080989773452
F089,1567.0,-0.022963552853537655,0.8278761536421996,-2.8225183105677214,-0.49344049240171567,0.0,0.5065595075982843,3.5065595075982845,-0.3351004522271322,0.5714257043909883,36.05174507996959,6.329077818166006,1.0,-0.028965285364309635,0.061464665062418176,0.8271874926498081,0.8369601727542335
F091,1567.0,0.008559991157293915,0.7906142571976432,-2.830122671422907,-0.5163099484740398,0.0,0.48369005152596023,3.48369005152596,0.34181591408733736,1.0147216260030065,92.36157404574,6.313812722948867,1.0,0.019935898550830375,-0.15146839842678156,0.8003076358820823,0.6201205753006619
F097,1567.0,0.055063320365697915,0.9306661317173524,-3.4386714116251484,-0.43867141162514833,0.0,0.5613285883748518,3.5613285883748516,0.09771394268004803,2.329779841222413,16.901743765532448,7.0,1.0,0.05716945226216626,0.025435714937494296,0.9378412914640909,0.8266197599793406
F099,1567.0,-0.03865556244817181,0.9370548439600055,-3.5362656211712813,-0.5362656211712815,0.0,0.46373437882871843,3.463734378828718,0.03823697795776556,2.249416116026821,24.241138521581174,6.999999999999999,1.0,-0.03248143414382339,-0.12550892503722694,0.9469375687201704,0.7836820277547103
F116,1567.0,-0.06225746797367239,0.8774225116201899,-3.535132987857532,-0.535132987857532,0.0,0.46486701214246695,3.114669689206284,-0.26617598530367864,1.0695935740241245,14.093449993455296,6.649802677063816,0.999999999999999,-0.05203528495776227,-0.20605606174556193,0.8794123404466936,0.839858159114972
F118,1567.0,-0.0684995437439264,0.910006912985811,-3.4939425406715174,-0.49394254067151755,0.0,0.5060574593284856,3.5060574593284826,-0.7077383373592862,1.5802565181125772,13.284860938263009,7.0,1.000000000000003,-0.05361735784756188,-0.2778518318822082,0.9028666054787223,0.986148505108633
F121,1567.0,-0.024387207869532777,0.87012578028366,-3.5191193511008114,-0.5191193511008112,0.0,0.48088064889918875,3.4808806488991886,-0.1755376673542401,2.491744436839027,35.67959829198154,7.0,1.0,-0.01942811310378628,-0.09414831981460131,0.8610687233263915,0.9908402089030716
F123,1567.0,0.01716924165965064,0.759764187877345,-1.853781512605041,-0.5672268907563022,0.0,0.43277310924369783,2.5310924369747894,0.7076335134704258,0.5269160531620338,44.25147032664885,4.384873949579831,1.0,0.032935087910762564,-0.20461376858435656,0.7675725514980883,0.6003085649044331
F124,1567.0,0.0013219071929980318,0.7514299088024998,-3.5,-0.5,0.0,0.5,1.9285714285714304,-0.34476930967326036,1.4498202322537388,568.4437698911703,5.428571428571431,1.0,-0.013279953129577521,0.2067307692307674,0.7501580231694985,0.742702311643168
F125,1567.0,0.09785152095299415,0.7596503167498306,-2.333333333333353,-0.39999999999999525,0.0,0.6000000000000048,2.1333333333333675,0.15848627753458566,-0.03494828153842411,7.763295954357088,4.46666666666672,1.0,0.07883344725450515,0.3653846153846236,0.7561759137904999,0.7615903855483818
F126,1567.0,0.11177472246267406,0.7703476946168298,-2.287678767876787,-0.466446644664466,0.0,0.5335533553355339,3.5335533553355343,0.9524153649689779,1.3328997467631103,6.891966963882974,5.821232123212321,1.0,0.1289130792778528,-0.12931581619700408,0.7773943066838571,0.6176808602466434
F127,1567.0,0.04385962127249351,0.8078243971580799,-1.3101160862354897,-0.5422885572139298,0.0,0.45771144278607095,3.457711442786071,1.409701687903591,3.7177061345049722,18.418407950236617,4.767827529021561,1.0000000000000007,0.031769836168893915,0.2139303482587069,0.8039573722724738,0.8462295750322515
F129,1567.0,0.022308859727682356,0.8338861290406959,-3.5042016806722676,-0.5042016806722684,0.0,0.4957983193277325,2.9411764705882364,0.39131517385327047,1.8752371844722013,37.37914618596906,6.445378151260504,1.0000000000000009,0.01527596684606916,0.12124272786037557,0.8378506710228569,0.7729536865534635
F130,1567.0,-0.4322747864861807,1.287109282464778,-3.8000211394144383,-0.8000211394144382,0.0,0.19997886058556177,2.748018179896417,-0.9777366861594643,0.6054496242309297,2.977525691295317,6.548039319310855,1.0,-0.4674563194025363,0.06263466213524346,1.3039355934373795,0.8882603452680301
F134,1567.0,0.000701091812988125,0.7532954592219097,-2.7205026226295135,-0.4673352931004624,0.0,0.5326647068995376,1.9533575422214458,-0.27672563748318635,0.16628392791386393,1074.4604974587094,4.673860164850959,1.0,-0.0127751665016003,0.19027576406532326,0.75727592643899,0.6698879219701221
F135,1567.0,0.1347162277597296,0.8095066944008282,-1.6115493203713924,-0.44640102453648495,0.0,0.5535989754635151,3.553598975463515,0.6835324347945425,0.4820815478729332,6.008976853468599,5.165148295834907,1.0,0.14123718565929827,0.04298390653791306,0.8124639404913518,0.7645125427175049
F136,1567.0,0.13635097117484743,0.9294363078046076,-1.4366197183098592,-0.4788732394366197,0.0,0.5211267605633803,3.5211267605633805,1.5519249547084255,3.544444733011283,6.8164993603598445,4.95774647887324,1.0,0.14900888585099112,-0.04171180931744308,0.9366807762497665,0.8037769408462853
F137,1567.0,0.038940868440726945,0.5930450913150234,-1.0830126443100605,-0.49037932930181416,0.0,0.5096206706981861,1.7724024189114902,0.3300220688815799,-0.8239201936529987,15.22937507679074,2.8554150632215505,1.0000000000000002,0.037117883418627096,0.06458535966507385,0.5934255830233744,0.589913543742933
F138,1567.0,0.06682077334761881,0.6501843449773929,-1.2196639701306784,-0.4474175482265091,0.0,0.5525824517734909,2.706907280647169,0.3873690040417669,-0.3991736252585891,9.730272674116426,3.9265712507778474,1.0,0.06179220183739881,0.13755923603465606,0.6541897756372458,0.5892993037695937
F139,1567.0,0.1255037884814772,0.9956756382894361,-3.0292760281337743,-0.4225881900075732,0.0,0.5774118099924271,3.577411809992427,0.46171760568399806,2.090958085794833,7.933430937253754,6.606687838126201,1.0000000000000004,0.11295596182952967,0.3020179268641619,0.9903215320122273,1.0574634190323733
F140,1567.0,0.28014534207513725,0.9504154562707428,-1.3102046404552845,-0.37255285035606606,0.0,0.6274471496439339,3.627447149643934,1.6916451943863333,3.0249161457687324,3.392579898802819,4.937651790099219,1.0,0.28243375179379215,0.24795357843675128,0.9502283070105711,0.9570723653887486
F141,1567.0,0.26645775856248977,0.8122998602959522,-0.6645098673568425,-0.3413134907796829,0.0,0.658686509220317,3.6586865092203165,1.8630737788732314,4.472627982174281,3.0485126973790218,4.323196376577159,1.0,0.2699575620619738,0.21722494587263266,0.82072794009147,0.6842932744807033
F149,1567.0,0.027256573933993295,0.7614487799152894,-2.0079744077147756,-0.48163258998253666,0.0,0.5183674100174633,3.518367410017463,0.2280082134019762,0.26578956055794656,27.936334982207907,5.526341817732239,1.0,0.026905814390776966,0.03219081635443078,0.7539478354191114,0.8641475163470492
F151,1567.0,0.22580369167711808,0.8479832710226457,-1.213459516298633,-0.39103575184016826,0.0,0.6089642481598316,3.6089642481598316,1.2610204698585277,1.663892324666974,3.7554003865952783,4.822423764458465,0.9999999999999999,0.2285132820580271,0.18768705006875347,0.8486563972797886,0.8415908636482851
F152,1567.0,0.0980284294577168,0.7976117290960929,-1.4309616763604496,-0.4641064457015377,0.0,0.5358935542984624,3.535893554298462,1.2678748850596058,3.197906067297045,8.136534814443754,4.966855230658911,1.0,0.09996311426686025,0.07081262295986224,0.8042108793072186,0.7010834851098549
F160,1567.0,0.311358710337651,1.053961935961521,-1.1225225225225226,-0.38198198198198197,0.0,0.618018018018018,3.618018018018018,1.7259453919022603,2.6561086988036715,3.385040793672269,4.7405405405405405,1.0,0.294261452156189,0.5518711018711018,1.0327612387411482,1.298849807040273
F161,1567.0,0.17778479314929602,0.9462531252795576,-1.3262518968133536,-0.4309559939301973,0.0,0.5690440060698028,3.5690440060698028,1.8195419577763299,4.355422548362731,5.322463797449833,4.895295902883157,1.0,0.15543341731345883,0.4922084743784288,0.9213025804978245,1.2077124419233098
F162,1567.0,0.366953741087127,1.0407410750604107,-0.7034501275338971,-0.3483689085783327,0.0,0.6516310914216673,3.651631091421667,1.6171702495370046,2.0247236854302564,2.8361642314213884,4.355081218955564,1.0,0.37012872311852746,0.32229029193386816,1.049786405830831,0.9072461782283778
F163,1567.0,0.4924964558268322,1.0517226446713792,-0.2985524223914317,-0.22349594176219562,0.0,0.7765040582378043,3.7765040582378044,1.6076640568241511,1.6052994413251422,2.1354928187321662,4.075056480629236,1.0,0.4938858049498427,0.47295205422140413,1.0588044893271003,0.9509438852475466
F166,1567.0,0.16145500957243145,0.8756157742022956,-1.4959349593495934,-0.42276422764227634,0.0,0.5772357723577236,3.5772357723577235,1.4754585286564976,3.4170365412558086,5.423280308958492,5.073170731707317,1.0,0.15375467493567627,0.2697779862414009,0.8574204957801723,1.0995647795771286
F168,1567.0,0.03446075303127003,0.7333242420789273,-1.5,-0.4999999999999999,0.0,0.5000000000000001,3.4999999999999996,0.9095484073111834,1.3706881452120108,21.279983098228342,5.0,1.0,0.03223969013442707,0.06570512820512828,0.7301647882443656,0.7794620545703159
F178,1567.0,0.44627214914578367,1.31225952272169,-1.2537313432835822,-0.38308457711442784,0.0,0.6169154228855722,3.616915422885573,1.524000937727242,1.0817226193479632,2.940491637738464,4.8706467661691555,1.0,0.4469348404933638,0.43694986605434377,1.3104707310771628,1.3435929384337824
F181,1567.0,0.07577612684460219,0.7883053870122104,-2.2575941676792235,-0.44714459295261255,0.0,0.5528554070473874,3.5528554070473874,0.3963808320393656,0.5171242549439254,10.403083660087612,5.810449574726611,1.0,0.09244308163538162,-0.15868305449107434,0.7933404720328706,0.6745144320601335
F183,1567.0,0.10316365584333888,0.6900650756912626,-1.247100802854594,-0.4335414808206957,0.0,0.5664585191793041,3.5664585191793043,0.7677996569893805,1.1398371362476025,6.689032780424968,4.813559322033898,0.9999999999999998,0.10881676659412702,0.023639607493309515,0.6989342161947311,0.5469116135142084
F184,1567.0,-0.05213752135172628,0.646341254292284,-2.1103185924869226,-0.5736566809320018,0.0,0.426343319067998,3.426343319067998,0.10517286544913926,0.39566371236150877,12.396854271601976,5.536661911554921,0.9999999999999998,-0.06180567486671554,0.08386736896009353,0.6494059898898005,0.5877427179162743
F185,1567.0,0.1287745431858706,0.8367771422044389,-1.536167039522744,-0.45488441461595835,0.0,0.5451155853840415,3.5451155853840417,1.1221861165221312,2.0889951918233534,6.498001246955725,5.081282624906786,0.9999999999999998,0.12590964904634966,0.1690758905524004,0.8349866404378141,0.8647108326099199
F186,1567.0,0.14097448288570016,0.8360043406369231,-1.566068515497553,-0.4404567699836869,0.0,0.5595432300163131,3.5595432300163123,1.0707510224420103,1.7524136741885359,5.930181998318176,5.125611745513865,1.0,0.1421089428301585,0.12501568578240677,0.8374129669831494,0.819728309480814
F188,1567.0,-0.01773689632127182,0.6996012381236784,-1.8330708661417325,-0.5275590551181102,0.0,0.4724409448818898,3.4724409448818894,0.1949801553870268,0.5652638577550464,39.44327267929085,5.305511811023622,1.0,-0.021912702299772244,0.041005451241671806,0.7025754624748622,0.656708988019532
F189,1567.0,0.09158215915227791,0.6565796311894345,-1.0192147287644642,-0.47019214728764475,0.0,0.5298078527123553,3.529807852712355,0.6782211300700794,0.07607405103268094,7.169296260973054,4.5490225814768195,1.0,0.08335782744666233,0.2072763638187742,0.655612183819428,0.662439085703025
F197,1567.0,0.22897044357554103,0.859700191471349,-1.1116022099447513,-0.3856353591160221,0.0,0.6143646408839779,3.6143646408839776,1.4413202700523846,2.4404062144131062,3.7546339083889904,4.725966850828729,1.0,0.22251862705482936,0.3197301317467062,0.850136709105592,0.9846088190191004
F198,1567.0,0.044009603381521954,0.8508669982852533,-2.3441108545034632,-0.517321016166282,0.0,0.482678983833718,3.482678983833717,0.7119915371225198,1.635412602597838,19.333666583852196,5.826789838337181,1.0,0.031885824155180896,0.21455853615206932,0.8465117551971104,0.8969263158630831
F200,1567.0,0.378136364096798,1.2076597864424208,-1.2275132275132277,-0.38730158730158737,0.0,0.6126984126984127,3.612698412698413,1.591307574449853,1.6789549366365515,3.193715022155557,4.840211640211641,1.0,0.37223795419284145,0.46111111111111114,1.2025224737962181,1.2809786306370876
F201,1567.0,0.009267454850963587,0.7724237332554672,-2.340283569641367,-0.5129274395329437,0.0,0.4870725604670561,3.4870725604670563,0.3434460056567034,1.0530329882240155,83.34798988438622,5.827356130108424,0.9999999999999998,-0.004259074405248595,0.1995493039071023,0.7689979211874423,0.7988914417692026
F202,1567.0,0.21408092180553526,0.8365728491322784,-1.5106145251396645,-0.38994413407821227,0.0,0.6100558659217877,3.6100558659217876,1.3499058070850685,2.1613448280333722,3.9077412507046683,5.120670391061452,1.0,0.20830007980845974,0.2954018048990116,0.8291009484621887,0.9360309892355332
F203,1567.0,0.1864184800784556,0.7828926547836722,-1.4405927944808792,-0.40396899753002313,0.0,0.5960310024699769,3.5960310024699766,1.3382323217782222,2.4074203365751305,4.1996515283784435,5.036623796950856,1.0,0.1816803120762703,0.2530717472630426,0.7802007491345495,0.820848192299724
F204,1567.0,-0.09621456829598912,0.7249041917385196,-2.527153663768771,-0.6164051033081182,0.0,0.3835948966918823,3.383594896691882,0.14435768516921765,2.017055902258792,7.534245640441171,5.910748560460653,1.0000000000000004,-0.1045679313704011,0.02129476033732545,0.7120397640727191,0.8820658325603054
F206,1567.0,0.17520748470625677,0.889326146502445,-1.3984575835475583,-0.4357326478149102,0.0,0.56426735218509,3.56426735218509,1.378325298949855,2.565435148382991,5.075845635181421,4.962724935732648,1.0000000000000002,0.1440950471528201,0.6128757168281591,0.8598389154230265,1.150445533793275
F208,1567.0,-0.03582566663536841,0.8178907049880114,-2.611803823773898,-0.5594347464671652,0.0,0.4405652535328349,3.4405652535328355,0.28866652810245613,1.4171151855093234,22.829741405502,6.052369077306734,1.0,-0.04707472603521934,0.12241831319138073,0.814726950002234,0.8495139484954012
F209,1567.0,-5.385882659786525e-06,0.8163496471551811,-1.9752339100446725,-0.4977954978682536,0.0,0.5022045021317465,2.8845655748439394,0.16357612910550295,0.3011042810945508,151572.09080664357,4.859799484888612,1.0,0.004871528542834654,-0.06861044169514388,0.8178391671182695,0.7957737633343046
F210,1567.0,0.0,0.0,0.0,0.0,0.0,0.0,0.0,0.0,0.0,0.0,0.0,0.0,0.0,0.0,0.0,0.0
F224,1567.0,0.05001363127274704,0.7387789462505441,-1.7662142681304698,-0.49211687868310394,0.0,0.5078831213168961,3.507883121316896,0.6686779342423855,0.9267995119273214,14.771551823679339,5.274097389447366,1.0,0.04897486679181865,0.06462625084580698,0.737458865343386,0.7606072067316031
F226,1567.0,0.14587048388845278,0.7935097005587478,-1.4569277050868104,-0.4439103607225585,0.0,0.5560896392774415,3.5560896392774413,1.0164127080970105,1.272171704698903,5.439823598310027,5.013017344364251,1.0,0.14257444891065724,0.19223682208571152,0.7945296661202256,0.7813161059269725
F251,1567.0,0.10017490841181569,0.785450683630133,-1.47561448057347,-0.48468933282398136,0.0,0.5153106671760185,3.5153106671760193,0.9170531114687311,1.155376869200718,7.840792630359399,4.99092514774949,0.9999999999999998,0.09768599238740074,0.13518725594757602,0.7883126329708168,0.7467701511120476
F269,1567.0,0.1400774932167643,0.6780013123245399,-1.0973672055427253,-0.3832794457274828,0.0,0.6167205542725173,2.1134411085450346,0.5763852986935443,-0.4347131549783412,4.840187361652166,3.21080831408776,1.0,0.13877454501254183,0.15840646651270204,0.6768029640724061,0.6977320778759283
F271,1567.0,0.018330709691536995,0.9072603971142656,-1.97026741469367,-0.5661989017693714,0.0,0.4338010982306286,3.433801098230628,1.011737375683976,2.80069573495385,49.49401372515543,5.404068512924298,1.0,0.03000162635056969,-0.14584766600235557,0.9096910830896152,0.8598105895934524
F274,1567.0,0.14441197837267497,0.9421027618955851,-2.8417617846649854,-0.34679285509997143,0.0,0.6532071449000285,3.6532071449000294,0.4227590324914896,2.38100413001702,6.523716193803782,6.494968929565015,1.0,0.1376120714767246,0.24006836095705353,0.9390506252157962,0.9837557175787461
F291,1567.0,0.2684555216629915,0.8954258358944193,-0.7958607714016933,-0.3527751646284102,0.0,0.6472248353715898,3.6472248353715897,1.7194720275821642,3.4573332104047267,3.335471851516491,4.443085606773283,1.0,0.2535750133908276,0.4777842101454517,0.9010447787182394,0.7867038319836239
F317,1567.0,0.11509024246831762,0.8094650598727192,-2.4408343361411955,-0.42543120738066575,0.0,0.5745687926193339,3.574568792619334,0.6290475538089144,0.5658604946128558,7.033307450790347,6.015403128760529,0.9999999999999997,0.13439780393989006,-0.1565151655404364,0.8133657977486477,0.7014000401086116
F334,1567.0,0.05231492992798044,0.8967836013243495,-2.878327691885464,-0.4820236025981155,0.0,0.5179763974018845,3.5179763974018843,0.6617364289519586,1.8784953230660486,17.14202050049132,6.396304089287348,1.0,0.03690201627020596,0.2691331287868657,0.8876946987773227,0.9956920273149868
F337,1567.0,0.12556105622977057,0.8832915452701778,-2.203774015815467,-0.4479145850580944,0.0,0.552085414941905,3.5520854149419057,0.995686266150265,1.9165587537553055,7.034757207256706,5.755859430757372,0.9999999999999993,0.10887149514842985,0.36033824721055324,0.8734590930181472,0.9865826112548585
F344,1567.0,-0.030387916160420685,0.7953154053774405,-2.518386934273669,-0.5328896783943579,0.0,0.46711032160564214,3.467110321605642,0.23094254568982667,1.5293540084940558,26.17209423485056,5.985497255879311,1.0,-0.04227162424568859,0.13678386200060783,0.7914702204026414,0.8336963036312771
F348,1567.0,0.0,0.0,0.0,0.0,0.0,0.0,0.0,0.0,0.0,0.0,0.0,0.0,0.0,0.0,0.0,0.0
F357,1567.0,0.08533934483030858,0.7620542102314687,-1.7249802994483854,-0.45222616233254553,0.0,0.5477738376674547,3.1118991331757297,0.6024384599871699,0.39179697930055024,8.929693703857597,4.836879432624115,1.0000000000000002,0.08733538660750292,0.05726041098381506,0.7598005595135874,0.7963631357390821
F413,1567.0,0.23392539863557066,0.8982386497052887,-1.3277209831172658,-0.3917545658507863,0.0,0.6082454341492137,3.608245434149213,1.527168205026008,2.6863680307469453,3.8398508881064393,4.935966417266479,1.0,0.23161344257228597,0.2664483959488934,0.8954583161950512,0.940377311200892
F414,1567.0,0.1732150173821865,0.8701704928801426,-0.8972396285583131,-0.4899258333379424,0.0,0.5100741666620577,3.510074166662058,1.5586482569888995,2.801123782924278,5.023643480952637,4.407313795220371,1.0,0.17268347587343694,0.18069237533700028,0.8711251646232757,0.8607506804438968
F416,1567.0,0.12649134486518088,0.8667824622209794,-1.7655492384628542,-0.4750622730124925,0.0,0.5249377269875073,3.5249377269875066,1.087119144667393,1.9238656177753537,6.852504123013124,5.290486965450361,0.9999999999999998,0.13094332093680602,0.06386402762683888,0.8732433832495021,0.7712269603286179
F417,1567.0,0.12372668356416974,0.7455192681460018,-2.3878456306372917,-0.42266745527132926,0.0,0.5773325447286708,3.5773325447286712,0.6236777276343416,1.45238882954418,6.025533431139931,5.965178175365963,1.0,0.13193101986614678,0.008313760393089132,0.7554046180664322,0.5798174977242085
F418,1567.0,0.1950039885365393,1.0276647662293665,-1.5418002176022585,-0.4790631340606346,0.0,0.5209368659393654,3.5209368659393645,1.483930981580629,2.287843154999438,5.269967932125325,5.062737083541623,1.0,0.20890923285244573,-0.0006053617920293233,1.0290512399691185,0.9922154248425598
F419,1567.0,0.034952917459057646,0.5487975924650389,-0.576539458406014,-0.576539458406014,0.0,0.42346054159398605,1.3292644540458876,0.4539806423184101,-0.8579392632031291,15.701052511344036,1.9058039124519015,1.0,0.03941464768612104,-0.027811614485113004,0.5494636265244656,0.5380146161567522
F420,1567.0,0.06257383586776274,0.5562324369104122,-0.46568343664905953,-0.46568343664905953,0.0,0.5343165633509404,1.241314394139454,0.49899536248626597,-1.1549339423963931,8.889217501017656,1.7069978307885134,0.9999999999999999,0.060461740168046146,0.09228533595127605,0.5586242582333617,0.5230624637375562
F421,1567.0,0.05606854581538392,0.6891950095419775,-1.0169348367752016,-0.5187296760842941,0.0,0.4812703239157059,3.4812703239157057,1.1253793641901564,3.0171606775635613,12.292007925423782,4.498205160690907,1.0,0.04497254908345349,0.2121593459962901,0.6805319503926356,0.7884669118460956
F424,1567.0,0.20064976924673528,0.8410252818060482,-1.2761187848867128,-0.3802979262475713,0.0,0.6197020737524286,3.619702073752429,1.3157875099631242,2.123785822652314,4.191508841296815,4.895820858639142,0.9999999999999999,0.18885865905456448,0.3665189443539077,0.8334048915723777,0.9303500791381899
F426,1567.0,0.3554879849182828,1.0434303805703007,-1.053923605561771,-0.320505034361515,0.0,0.6794949656384849,3.6794949656384857,1.444583207317888,1.4515542169797104,2.9352057589435048,4.733418571200256,0.9999999999999999,0.33118433260421615,0.6973749400671247,1.025428130761963,1.2253796990881787
F427,1567.0,0.07987921615017048,0.7068704615398262,-0.9709580085491575,-0.49195373397032927,0.0,0.5080462660296707,3.508046266029671,1.1774461255068651,2.8581402561908753,8.849241337096776,4.479004274578829,1.0,0.07171061010241568,0.19478951084118298,0.6993171564906452,0.8006235867596515
F429,1567.0,0.27590320613011554,0.9151975988845712,-0.8342857142857144,-0.3537555228276878,0.0,0.6462444771723123,3.6462444771723126,1.9437066193400419,4.26894095507623,3.3170966431236337,4.480530191458027,1.0,0.26880078761638326,0.3758151127223292,0.9284182981324093,0.6992535093790546
F430,1567.0,0.1891079893897517,0.8467753233683589,-1.2223493865592383,-0.40395531953854613,0.0,0.5960446804614538,3.5960446804614543,1.4069252078737151,2.672638410457669,4.477734262293258,4.818394067020693,0.9999999999999999,0.18067964813066434,0.30767205921710583,0.8269636058253242,1.0860298047466659
F433,1567.0,0.3785681199582392,1.0460103980401363,-0.648560747224396,-0.30193793007385755,0.0,0.6980620699261424,3.6980620699261433,1.7798588322544175,2.770475721144929,2.763070482936496,4.346622817150539,1.0,0.371572062509494,0.4769838127228,1.0368664466282926,1.168171178886185
F434,1567.0,0.1845269302206772,0.7642197600860484,-0.5110918480303012,-0.477110116240254,0.0,0.522889883759746,2.8566411913738223,1.3607086525037004,1.4151933341550267,4.141508012776078,3.3677330394041234,1.0,0.17533960094512457,0.3137679180104218,0.7559309001894567,0.866307584612147
F435,1567.0,0.07492933254279376,0.887975033996992,-1.9518016896228039,-0.5087833566406772,0.0,0.4912166433593228,3.4912166433593224,1.3755145850642483,3.6776600719219594,11.850833363262637,5.443018332982126,1.0,0.05534101759219461,0.3504841861267026,0.8639820386313982,1.1448515709957148
F436,1567.0,0.1484758522130074,0.9513313214206874,-1.9501231922870919,-0.45439742903053026,0.0,0.5456025709694697,3.54560257096947,1.2558321041992437,2.578658378748136,6.407313426626943,5.495725763256562,1.0,0.1374285545875206,0.3038815870792304,0.9296780881149809,1.2107133926713975
F437,1567.0,0.1631021401684372,0.8865326283028802,-1.4780936097456723,-0.4352960034195341,0.0,0.564703996580466,3.564703996580466,1.5233344652210736,3.424733142784304,5.4354444851668635,5.042797606326138,1.0,0.15719331455374924,0.24622340819044172,0.8701675805318866,1.092776022369039
F438,1567.0,0.12556261048688105,0.8081532011446996,-1.6304260013050365,-0.4420346145480534,0.0,0.5579653854519465,3.557965385451946,0.9662472120924707,1.51065158460995,6.436256764689519,5.188391386756983,0.9999999999999999,0.11856643725054132,0.22397993207116015,0.795851175841212,0.9638795757144218
F439,1567.0,0.15425309685818134,0.78562653862409,-1.6189328232694649,-0.42038056920489375,0.0,0.5796194307951061,3.5796194307951064,1.142437171133824,1.7991281358901983,5.09310059000821,5.198552254064571,0.9999999999999999,0.1540979734956168,0.15643526492964216,0.7841512663743753,0.8099801254836879
F440,1567.0,0.11287547214980104,0.7735926802067773,-1.393200041809141,-0.46860038469839704,0.0,0.5313996153016027,3.531399615301603,1.0433609156752612,1.707996744927759,6.85350559750715,4.924599657110744,0.9999999999999998,0.11672102578442897,0.05877888592421759,0.7744329058901841,0.7633011526371922
F441,1567.0,-0.05402132166937706,0.5929096285040837,-1.0558753158901135,-0.643517406386025,0.0,0.356482593613975,2.015172334271795,0.11661180867774121,-0.6262050200683689,10.97547431589793,3.0710476501619084,1.0,-0.0522870667852662,-0.07841761874105184,0.5951438219145155,0.5627032916088444
F442,1567.0,-0.022477458467999183,0.7426086034627978,-1.8403225806451613,-0.5161290322580645,0.0,0.48387096774193544,1.8931451612903223,-0.020541087331164477,-0.4870336495373939,33.037925728435916,3.733467741935484,1.0,-0.029074702886247798,0.07032800868486364,0.7363116732194185,0.8244345971124992
F443,1567.0,0.10554051136465299,0.9266206850324293,-1.7477383177570096,-0.5344299065420561,0.0,0.465570093457944,3.4655700934579436,1.2495183191987174,2.232495577802923,8.77976307905201,5.213308411214953,1.0,0.1081570195667589,0.06873328540618263,0.927942281414012,0.911431407281375
F444,1567.0,-0.05159563177872934,0.7841311163795952,-2.3298743855816486,-0.5079191698525394,0.0,0.4920808301474607,2.411796832332058,-0.24572938659232146,-0.07466343798820718,15.19762602631142,4.741671217913707,1.0,-0.05923166488287624,0.05582279544595241,0.7893603648589125,0.7011133882121634
F445,1567.0,-0.043664068427042915,0.8447855375977583,-3.091155724362452,-0.5344546934346176,0.0,0.4655453065653824,2.429734129137276,-0.209348588741593,0.9058455304791844,19.347384886727625,5.520889853499728,1.0,-0.042073441879250426,-0.06603990149839306,0.8504152407604174,0.7645836178953946
F447,1567.0,0.05012558067798024,0.7811377041439367,-2.0709534368070948,-0.5188470066518845,0.0,0.4811529933481154,2.6611973392461197,0.4809355645326009,0.10506184707417399,15.58361406617082,4.732150776053214,1.0,0.04150660869064439,0.17137131161521427,0.7854933361176154,0.7094683946330083
F454,1567.0,0.07167134888580443,0.6810782612990731,-1.368759299711907,-0.4680564789312059,0.0,0.5319435210687942,3.5319435210687944,0.529858785166015,0.19296966791754544,9.502796750410651,4.900702820780701,1.0,0.0794162964634495,-0.03727921174972172,0.6846989327664887,0.6207600673752309
F457,1567.0,0.12888546919214525,0.8348420997768234,-1.4909655030174773,-0.4564595532519704,0.0,0.5435404467480298,3.5435404467480294,1.2712575171733895,2.508855071531446,6.477395046960223,5.0345059497655065,1.0000000000000002,0.12753373716653812,0.1479006995139066,0.8307052386241105,0.8950624156818713
F461,1567.0,0.19608659540743553,0.8470325968667315,-1.2091740561779853,-0.3947326501354005,0.0,0.6052673498645995,3.6052673498645986,1.1947550211019609,1.649719392469815,4.319686387039451,4.814441406042584,1.0,0.18145934647589082,0.4018526068194536,0.8389197917527933,0.934229785747901
F468,1567.0,-0.09847112318417098,1.1669046626912765,-2.325500177577838,-0.5608500059192612,0.0,0.43914999408073885,3.439149994080739,0.32124289262429634,1.3444408580223968,11.85022192238997,5.764650171658577,1.0,-0.1058441598901305,0.005247652785240369,1.1679559068356353,1.152567854113295
F469,1567.0,0.24615033871655564,0.7672778257755346,-0.4991353546437477,-0.37147563214197976,0.0,0.6285243678580201,2.813591936757557,1.2584454299617776,0.9916021741275736,3.1171105827969017,3.3127272914013046,0.9999999999999999,0.2576026022901619,0.08504782325322895,0.7673417248851714,0.7516449623161139
F471,1567.0,0.2682640795020295,0.7676157977129474,-0.7703892575867698,-0.29663167677441654,0.0,0.7033683232255834,3.7033683232255834,1.3415583120853003,1.8172197740820595,2.8614184915661762,4.473757580812353,1.0,0.2635566385013755,0.3344851005016144,0.763358475652233,0.826273371541047
F473,1567.0,-0.007114556280430947,0.7477474127324856,-2.0220102445245756,-0.5196111294676139,0.0,0.48038887053238644,3.4803888705323867,0.32178980441326366,0.8175599645912555,105.10106086083158,5.502399115056962,1.0000000000000004,-0.007542220367467632,-0.0010984739791360344,0.7439949124332071,0.8024780957064711
F474,1567.0,0.21258443698819054,0.881133263161613,-1.4949685932802501,-0.4098986295448045,0.0,0.5901013704551954,3.590101370455196,1.504485830992136,2.754005646036643,4.144862510355905,5.085069963735446,0.9999999999999999,0.21092516808946588,0.23592588313082705,0.8756952463856564,0.9586192119354789
F475,1567.0,0.18559339979283276,0.872098421498901,-1.4882089650431825,-0.43866052935451577,0.0,0.5613394706454842,3.5613394706454837,1.4690028090076825,2.623061245243057,4.698973252646244,5.049548435688666,1.0,0.18301280690837324,0.22189539392710453,0.8680408795448549,0.930986098340774
F477,1567.0,0.3043404047529337,0.9700604428854441,-1.3153904410675183,-0.3616910057788242,0.0,0.6383089942211757,3.6383089942211755,1.5852464656427077,2.3262863753973395,3.1874191784352806,4.953699435288694,0.9999999999999999,0.29778648673232994,0.3965363861389272,0.96622740568146,1.0228919018054405
F479,1567.0,0.0,0.0,0.0,0.0,0.0,0.0,0.0,0.0,0.0,0.0,0.0,0.0,0.0,0.0,0.0,0.0
F481,1567.0,0.12513402995493966,0.8863104071052437,-1.5298428122888594,-0.43865754540757507,0.0,0.561342454592425,3.561342454592425,0.8036983722793725,0.7826738861744023,7.082888702755902,5.0911852668812845,1.0,0.12774024414690116,0.08847161300455841,0.8880288923740611,0.8651234608830212
F483,1567.0,0.04560661914470016,0.5330282069526624,-0.5666625335216732,-0.5666625335216732,0.0,0.43333746647832694,1.331065293753628,0.42977838916647654,-0.8369437211432973,11.68751854308229,1.8977278272753013,1.0,0.04745191664360406,0.01964825144377313,0.5317511319208935,0.5526753522616044
F484,1567.0,0.3099230355051373,1.0047244535684496,-0.7949834093163373,-0.3607664250402747,0.0,0.6392335749597252,3.639233574959725,1.5213674796348828,1.9917862089269205,3.2418514871849644,4.434216984276063,0.9999999999999999,0.3175191491008003,0.20306616828922375,1.0169997918956033,0.8091114280887545
F485,1567.0,0.34962821392907856,0.9882809145768445,-0.6477598781645799,-0.2943109117372462,0.0,0.7056890882627538,3.7056890882627536,1.5143521258991832,1.9094010869201865,2.826662366483069,4.353448966427333,1.0,0.360389439162284,0.19824674742735182,0.9962804527561838,0.8579378189611079
F486,1567.0,0.37801605290295925,0.9287657190651192,-0.4692786286826322,-0.2613511958327657,0.0,0.7386488041672343,3.738648804167234,1.5331485415220092,1.7476274716294524,2.4569478251789647,4.207927432849866,1.0,0.3848984851755594,0.2811987604528246,0.931424108108898,0.8891858308331632
F487,1567.0,0.09825039909839099,0.5694729411993861,-0.5054073392937596,-0.5054073392937596,0.0,0.49459266070624036,1.4364187628505054,0.5924172716538328,-0.7740648674998023,5.796138707012295,1.9418261021442649,1.0,0.09563166162137558,0.1350889849529442,0.5733682131997447,0.5126328328816945
F488,1567.0,0.37078541611961047,0.7610405709287561,-0.32409822935890126,-0.16490481616789338,0.0,0.8350951838321068,2.533309821587169,1.1135655322192233,0.08528020145102211,2.05250945113009,2.8574080509460704,1.0000000000000002,0.3736513232590895,0.3304698185709787,0.7619874000738525,0.7500529468816006
F489,1567.0,0.003737408131792578,0.6909426785252937,-0.9728741111254009,-0.5722648218442226,0.0,0.42773517815577744,1.7801149306646076,0.3415250459363084,-0.518317973331651,184.87215042501225,2.7529890417900083,1.0,0.012513841239602048,-0.11972337683671942,0.6876873605003001,0.72749837044356
F490,1567.0,0.20552931581458292,0.8729285715544427,-0.8329468739868181,-0.4009182720209715,0.0,0.5990817279790284,2.9899950040402272,1.0623596051428135,0.6263754410650826,4.24722170698852,3.8229418780270454,0.9999999999999999,0.20045415565818323,0.2769231553223982,0.8716301435078292,0.8922120759532248
F491,1567.0,0.12042587657661218,0.7797371552815916,-1.5082361855279531,-0.44004546192563715,0.0,0.5599545380743627,3.559954538074363,0.8868381247525383,1.217253855874426,6.474830638073586,5.068190723602316,0.9999999999999998,0.12177527317681652,0.10144349940258375,0.7780083718372605,0.8072968064733116
F492,1567.0,0.13491057349963423,0.9090360200098688,-1.5478173332113117,-0.4575821359934109,0.0,0.5424178640065891,3.542417864006589,1.5376123650538185,3.600061439423011,6.7380635662748505,5.0902351972179005,1.0,0.13001813251315925,0.20373404622283536,0.9106517367355415,0.8874200433483581
F494,1567.0,-4.7487556026306996e-05,0.6301926004023036,-1.1046992542417038,-0.5636174162243137,0.0,0.43638258377568623,3.436382583775687,0.6165708527446861,0.7455801698731581,13270.688994449465,4.541081838017391,1.0,-0.002667106457944568,0.036803497573843,0.624160759695674,0.7119858066089627
F495,1567.0,0.4756428279009284,1.0924811380997757,-0.4676886792452831,-0.22051886792452835,0.0,0.7794811320754716,3.779481132075472,1.7752492223215561,2.3582147147557473,2.2968519107472627,4.247169811320755,1.0,0.46585202285301597,0.6133730950653121,1.079876111248913,1.254296972834597
F497,1567.0,0.39318329189730133,1.1158088040711767,-1.053671241605652,-0.3423192682572235,0.0,0.6576807317427764,3.657680731742777,1.6196470342206652,1.8934996667416684,2.837884587323171,4.711351973348429,0.9999999999999999,0.393846496614855,0.38385378707248413,1.1166977488359136,1.108536609017211
F500,1567.0,0.4907409565451215,0.6055399381004787,0.0,0.0,0.0,1.0,1.8652450017962308,0.7435410862538133,-0.9555607675315709,1.233929897276809,1.8652450017962308,1.0,0.4955768750427207,0.4227126030644713,0.6054090063955516,0.6062047107922727
F501,1567.0,0.47718183242949164,0.6384737582267369,0.0,0.0,0.0,1.0,1.9741211560191627,0.9149245569134138,-0.6838557411246522,1.3380093600267982,1.9741211560191627,1.0,0.47477184429702746,0.5110838770236763,0.6353266793185991,0.6835674038464318
F511,1567.0,0.23771777578325082,0.9621746483807715,-1.620730096203265,-0.40225658573266593,0.0,0.5977434142673339,3.597743414267334,1.6281847122613258,2.9875899348121413,4.0475502734554745,5.218473510470599,0.9999999999999998,0.20159977246433097,0.7458008417022858,0.9294058579572524,1.2391156360364188
F512,1567.0,0.49799674967953406,0.5947553242450129,0.0,0.0,0.0,0.9999999999999999,1.8050192893386354,0.7003577339750052,-0.9955790382058929,1.1942955945526745,1.8050192893386354,0.9999999999999999,0.48928036125302204,0.6206128676409484,0.5908220237807457,0.6380431864692081
F520,1567.0,0.4977873401030302,1.2422627409756484,-1.0104969183359014,-0.2626348228043144,0.0,0.7373651771956857,3.7373651771956853,1.68514545373706,1.8093522045602253,2.495569173607416,4.747862095531587,1.0,0.45513016502595605,1.097858947196871,1.2101320627477732,1.5123595931224632
F521,1567.0,0.11438310080862271,0.8966968263677051,-1.412378380378085,-0.49487625319078116,0.0,0.5051237468092191,3.505123746809219,1.2591412520898282,2.3822515308942354,7.839417011960115,4.917502127187304,1.0000000000000002,0.10813715236901866,0.2022467793388218,0.8831410729651207,1.0705073717370666
F522,1567.0,0.0,0.0,0.0,0.0,0.0,0.0,0.0,0.0,0.0,0.0,0.0,0.0,0.0,0.0,0.0,0.0
F524,1567.0,0.3915546169674727,1.2879706293412094,-1.2335827098919372,-0.4480465502909396,0.0,0.5519534497090608,3.5519534497090604,1.5929152486133122,1.4405857885268905,3.289376688526992,4.785536159600998,1.0000000000000004,0.38901095404573544,0.42733710595306584,1.2760632445176778,1.4515338818655557
F525,1567.0,0.09565510635598481,0.682239708787305,-1.3303618052965316,-0.41307348004475963,0.0,0.5869265199552405,3.5869265199552407,0.6860417846827342,1.3549388550579309,7.132287389250153,4.917288325251772,1.0,0.09295129672541858,0.1336904283705849,0.6869026280056625,0.614643750591852
F526,1567.0,0.1114057946344873,0.8643577494408008,-1.6597322348094754,-0.4801464698478088,0.0,0.5198535301521914,3.5198535301521914,1.0343990029240318,1.881446662179985,7.758642647529462,5.179585764961667,1.0000000000000002,0.11097087036162322,0.11752400820371979,0.8634128080523041,0.881760385775544
F527,1567.0,-0.06224512144206718,0.5514467171092675,-0.798633824423283,-0.6170366725520277,0.0,0.38296332744797246,3.382963327447973,0.61003804743651,1.2989069453810345,8.859276105897731,4.181597151871256,1.0,-0.059096665326413805,-0.10653542237669135,0.554932422058608,0.5001843415883396
F528,1567.0,-0.005588765774459904,0.6998286630999967,-1.571365051133837,-0.5614902919816214,0.0,0.4385097080183785,2.9780272713798723,0.18197534379470276,-0.4465512838498684,125.22061063516429,4.549392322513709,0.9999999999999999,-0.003644185649053322,-0.03294377273090035,0.7054271771799105,0.6180901023133011
F540,1567.0,-0.009691557470093624,0.6083852805368117,-1.0710223129648535,-0.5662826308881436,0.0,0.43371736911185643,1.7138204268144475,0.20394577410019415,-0.7721173640612049,62.77476890080906,2.784842739779301,1.0,-0.006935850238506882,-0.0484569390067422,0.6041909026520057,0.6665527541850937
F542,1567.0,0.038629070535366516,0.7745798331961216,-1.668834849261829,-0.5299587055680012,0.0,0.47004129443199905,3.470041294431999,0.6284754631993377,0.9179220309028548,20.05173364103881,5.138876143693828,1.0000000000000002,0.03329557402108875,0.11365700707756242,0.7720207044946583,0.8098708842112362
F546,1567.0,0.5156698570072913,1.304884855184742,-2.9669795692987293,0.0,0.0,1.0,4.0,1.0672078838229235,1.053072639317274,2.5304656408562605,6.966979569298729,1.0,0.5312129528177657,0.2970203457503293,1.326254999207774,0.9324402349300028
F547,1567.0,0.18967082045619243,0.7398451747496353,-0.976502311248074,-0.3085516178736518,0.0,0.6914483821263482,3.691448382126348,0.9934351487196111,1.4146832138549437,3.9006799937189807,4.667950693374422,1.0,0.19538142702322409,0.10933796076804546,0.7404692391373288,0.7297898295960005
F548,1567.0,0.031147070154105578,0.7440098596218846,-3.401213556311971,-0.40121355631196676,0.0,0.598786443688029,2.7014947461891152,-0.35852963940842514,0.7362579599337913,23.886993412763342,6.102708302501086,0.9999999999999958,0.021722340347083625,0.1637276442663468,0.7513847826508394,0.6191733931667692
F549,1567.0,0.25774924077587086,0.5650248383811981,-0.5366487892085168,-0.17649926864943888,0.0,0.82350073135056,1.5244596131968124,0.7023033888534498,-1.0077252520281321,2.1921493800648304,2.0611084024053294,0.9999999999999989,0.2550452190935646,0.29578754578754507,0.5629724854249757,0.5946831105588049
F550,1567.0,0.26135145055382347,0.8829733619763017,-0.7427794223537885,-0.37266981358508694,0.0,0.6273301864149132,3.6273301864149134,1.841655548784095,3.9041539224910506,3.3784903818281324,4.370109608768702,1.0000000000000002,0.26426108620473643,0.2204207105799233,0.8860682808593546,0.8412406176392798
F551,1567.0,0.088914357489433,0.7415479613186214,-2.353741496598638,-0.44444444444444403,0.0,0.5555555555555559,3.5555555555555562,0.2645729266240681,0.6967598897387295,8.340024966141272,5.909297052154194,1.0,0.0824122768268851,0.18038112680969853,0.7295972084485911,0.892040465811131
F556,1567.0,0.07189465894519609,0.754315032033406,-1.1211936189584417,-0.5485039849147135,0.0,0.45149601508528625,3.451496015085286,1.4380574547664637,3.6406763146190855,10.491948123683482,4.572689634043728,0.9999999999999998,0.07037011977276302,0.09334082057278816,0.7584773380514503,0.6961619131393021
F558,1567.0,0.031151428189012433,0.8698588553863142,-2.163426584479216,-0.5539750276592382,0.0,0.44602497234076177,3.4460249723407617,0.5705109840286464,0.9802401836858992,27.92356260780373,5.609451556819978,1.0,0.024938958456963867,0.11854415143888816,0.8551302527786359,1.0565829813136065
F562,1567.0,0.08897592403407051,0.6714173053382088,-0.7952727849999118,-0.4943538002928052,0.0,0.5056461997071948,2.5165187942073977,0.8035098717370005,-0.034190912334037815,7.546055999076387,3.3117915792073096,1.0,0.08433783959435967,0.1542212849503873,0.6670800968507661,0.7300521305442195
F563,1567.0,-0.2864402860659539,1.1589517562955007,-3.4892874146960535,-0.7601967941596506,0.0,0.23980320584034492,3.239803205840345,-0.36126239032521096,0.45645508938653245,4.046050128663124,6.7290906205363985,0.9999999999999956,-0.2804936190948405,-0.3700938800922892,1.1525255337240328,1.248792507464335
F564,1567.0,0.12843790848752473,0.6005139676579307,-1.7297032131469219,-0.4434633308805491,0.0,0.5565366691194509,3.1459406426293848,0.8839049556411502,0.7278031567420449,4.675519671138086,4.875643855776307,1.0,0.1307694280855663,0.09563970491122831,0.6069503210398045,0.5026354402961031
F565,1567.0,0.4142926303281036,0.884320908530361,-1.4655172413793107,-0.08275862068965495,0.0,0.9172413793103451,3.9172413793103456,0.9913913731703153,0.8898804324316965,2.1345320765852844,5.382758620689656,1.0,0.41590968015650437,0.3915450928381965,0.8827790223646892,0.90979707270766
F570,1567.0,0.35582005291359503,0.9861854217149185,-1.5414924465393096,-0.214798483877624,0.0,0.785201516122376,3.7852015161223758,1.3761356866675631,2.1024297880189007,2.771584719964127,5.326693962661685,1.0,0.3511203226287228,0.4219326049017504,0.9759884800904508,1.1230656703385942
F571,1567.0,-0.052337133958261485,1.0453830480023076,-3.4640501409529914,-0.46405014095299124,0.0,0.5359498590470088,3.5359498590470086,-1.0172233801189696,3.367555331761255,19.974021672948687,7.0,1.0,-0.05750802971643858,0.020403447716864174,1.0571047988700537,0.8648122216448273
F572,1567.0,-0.05278953559321795,0.8873161155373257,-3.440942323314377,-0.4409423233143773,0.0,0.5590576766856219,2.0175467099918762,-1.2215362216971597,2.936527698703409,16.80856074124118,5.458489033306254,0.9999999999999992,-0.04805866671700974,-0.11934012372680056,0.8637053310399927,1.173462233897817
F573,1567.0,0.18413490212825834,1.0308372811744375,-1.9429657794676802,-0.4372623574144487,0.0,0.5627376425855514,3.5627376425855513,1.741581129614376,3.7591344737548074,5.598272077994285,5.505703422053232,1.0,0.18778248767442274,0.13282319391634967,1.0383798313016563,0.9211752634292979
F578,1567.0,0.227408201483512,1.0506998585445766,-1.6553720415460584,-0.41516484895193884,0.0,0.5848351510480612,3.584835151048061,1.5663354312136668,2.859015989196121,4.620325263933527,5.24020719259412,1.0,0.24063010987916886,0.04141154780230123,1.061780334570025,0.8631497591050307
F586,1567.0,0.16793867058591821,0.9146028243419697,-1.578329708128889,-0.4563710860438059,0.0,0.5436289139561941,3.543628913956194,1.5004190662770005,3.0261936716507725,5.4460525449295405,5.121958622085083,1.0,0.15873364703404286,0.2974285692050879,0.8958871182790933,1.143437629583784
F590,1567.0,0.3270051595306083,1.0720331091781317,-1.023328706144121,-0.3929236684280296,0.0,0.6070763315719704,3.6070763315719705,1.5682665384529135,1.9557378393893279,3.278336986222717,4.630405037716091,1.0,0.32532153700583416,0.3506891956243061,1.075644431378872,1.0245568661643492
