observation_id,t2_value,t2_ucl,t2_signal,mewma_value,mewma_ucl,mewma_signal,combined_signal,true_label,signal_type
0,209.94772582995637,205.570479525674,True,209.94772582995657,1.7113632404827743,True,True,1,TP
1,211.99887393356184,205.570479525674,True,263.6632786873285,3.0975674652738223,True,True,1,TP
2,173.60248297680351,205.570479525674,False,256.0124772832992,4.220392887354571,True,True,1,TP
3,146.1776561781206,205.570479525674,False,249.5332089766043,5.129881479239977,True,True,1,TP
4,162.96813964897956,205.570479525674,False,271.6532327280811,5.866567238667156,True,True,1,TP
5,216.135822993688,205.570479525674,True,274.9346014240447,6.463282703803171,True,True,1,TP
6,232.20157848803242,205.570479525674,True,287.5355959692072,6.946622230563342,True,True,1,TP
7,166.89487441044713,205.570479525674,False,256.2297235697342,7.338127247239083,True,True,1,TP
8,185.0497662785571,205.570479525674,False,268.89674712455826,7.655246310746432,True,True,1,TP
9,104.24717707785842,205.570479525674,False,240.7341645922267,7.912112752187385,True,True,1,TP
10,120.9786440974363,205.570479525674,False,248.08415719276962,8.120174569754557,True,True,1,TP
11,194.39407672612595,205.570479525674,False,267.0179437038371,8.288704641983966,True,True,1,TP
12,184.2406018639898,205.570479525674,False,275.62823863020463,8.425214000489788,True,True,1,TP
13,153.88620277065846,205.570479525674,False,230.69151575362207,8.535786580879503,True,True,1,TP
14,155.01529304725392,205.570479525674,False,226.67987402950186,8.625350370995172,True,True,1,TP
15,143.4282918710196,205.570479525674,False,195.6007204555143,8.697897040988865,True,True,1,TP
16,176.60480451281046,205.570479525674,False,212.50124503109518,8.756659843683755,True,True,1,TP
17,181.51505280064612,205.570479525674,False,235.00336429874264,8.804257713866615,True,True,1,TP
18,143.99526731936353,205.570479525674,False,229.12732259719127,8.842811988714734,True,True,1,TP
19,118.62791566671692,205.570479525674,False,202.35155062846675,8.874040951341708,True,True,1,TP
20,201.5503492598723,205.570479525674,False,217.42122816834873,8.899336411069559,True,True,1,TP
21,88.87396227188898,205.570479525674,False,186.1135845947767,8.919825733449118,True,True,1,TP
22,130.8850014590177,205.570479525674,False,204.4488589413657,8.93642208457656,True,True,1,TP
23,180.20936966341407,205.570479525674,False,211.06246883872345,8.949865128989789,True,True,1,TP
24,159.65986605211285,205.570479525674,False,241.9264945481983,8.960753994964504,True,True,1,TP
25,167.09718298543555,205.570479525674,False,249.0615799763911,8.969573976404023,True,True,1,TP
26,159.05897133604384,205.570479525674,False,288.95814378522084,8.976718161370034,True,True,1,TP
27,149.93154090597466,205.570479525674,False,301.92812321826284,8.982504951192501,True,True,1,TP
28,173.14001761937243,205.570479525674,False,317.96376224623504,8.987192250948702,True,True,1,TP
29,153.12865165703997,205.570479525674,False,273.0488951175339,8.990988963751223,True,True,1,TP
30,116.4828757516064,205.570479525674,False,253.8503505599512,8.994064301121266,True,True,1,TP
31,139.15077836038114,205.570479525674,False,238.74107370929997,8.996555324391,True,True,1,TP
32,135.30665105564685,205.570479525674,False,226.28705944899843,8.998573053239484,True,True,1,TP
33,142.8476888563871,205.570479525674,False,220.56982356115606,9.000207413606757,True,True,1,TP
34,118.58352378073828,205.570479525674,False,229.7998524127975,9.001531245504248,True,True,1,TP
35,141.872947118816,205.570479525674,False,238.2123762230105,9.002603549341217,True,True,1,TP
36,124.00701530248517,205.570479525674,False,261.5383975035959,9.00347211544916,True,True,1,TP
37,150.9938690067811,205.570479525674,False,248.52220230129748,9.004175653996594,True,True,1,TP
38,135.31218715781336,205.570479525674,False,248.8663739679404,9.004745520220016,True,True,1,TP
39,151.05835098157064,205.570479525674,False,218.6236626143053,9.005207111860988,True,True,1,TP
40,84.98251151283544,205.570479525674,False,219.3149441753994,9.005581001090174,True,True,1,TP
41,90.70730675013472,205.570479525674,False,200.10704165424804,9.005883851365818,True,True,1,TP
42,168.8355793264974,205.570479525674,False,210.47522658330752,9.006129160089086,True,True,1,TP
43,113.87529511356146,205.570479525674,False,208.22371110040103,9.006327860154935,True,True,1,TP
44,140.20263200274974,205.570479525674,False,182.6744555364209,9.006488807208273,True,True,1,TP
45,142.2065082914272,205.570479525674,False,182.70464492462767,9.006619174321475,True,True,1,TP
46,109.58885366318874,205.570479525674,False,193.74053212349287,9.006724771683169,True,True,1,TP
47,102.87414734496417,205.570479525674,False,177.47464585075232,9.006810305546143,True,True,1,TP
48,130.312970125494,205.570479525674,False,169.91350122508402,9.006879587975149,True,True,1,TP
49,109.35486381667181,205.570479525674,False,174.3078501033739,9.006935706742647,True,True,1,TP
50,168.72631448092176,205.570479525674,False,196.51765323786296,9.007174949909341,True,True,1,TP
51,163.61626480929488,205.570479525674,False,194.527639652719,9.007174949909341,True,True,1,TP
52,130.7108510115924,205.570479525674,False,184.63518544476258,9.007174949909341,True,True,1,TP
53,156.6578255219177,205.570479525674,False,193.04070578579172,9.007174949909341,True,True,1,TP
54,123.43968644520419,205.570479525674,False,206.55112098297317,9.007174949909341,True,True,1,TP
55,129.46892193399975,205.570479525674,False,208.9552457009389,9.007174949909341,True,True,1,TP
56,119.79776250657773,205.570479525674,False,188.8935721578782,9.007174949909341,True,True,1,TP
57,143.83776240166787,205.570479525674,False,212.13554391321816,9.007174949909341,True,True,1,TP
58,134.09510166749277,205.570479525674,False,202.67170305635972,9.007174949909341,True,True,1,TP
59,146.69823700741378,205.570479525674,False,172.41086528335254,9.007174949909341,True,True,1,TP
60,149.28354876935776,205.570479525674,False,158.13661870590107,9.007174949909341,True,True,1,TP
61,211.53790985543412,205.570479525674,True,182.66457232597222,9.007174949909341,True,True,1,TP
62,130.75525856869675,205.570479525674,False,193.89002359773164,9.007174949909341,True,True,1,TP
63,114.02018152769304,205.570479525674,False,173.39473233253935,9.007174949909341,True,True,1,TP
64,124.77296863051431,205.570479525674,False,185.78394140192088,9.007174949909341,True,True,1,TP
65,419.36638764935407,205.570479525674,True,269.42881730198,9.007174949909341,True,True,1,TP
66,222.9591817742129,205.570479525674,True,316.03296633801085,9.007174949909341,True,True,1,TP
67,162.5932844895604,205.570479525674,False,316.02130192875615,9.007174949909341,True,True,1,TP
68,175.4378802758361,205.570479525674,False,319.0319773782385,9.007174949909341,True,True,1,TP
69,140.53706779222858,205.570479525674,False,257.55728704372245,9.007174949909341,True,True,1,TP
70,113.14334100143861,205.570479525674,False,220.20996616462534,9.007174949909341,True,True,1,TP
71,205.49749377158543,205.570479525674,False,213.0196899634507,9.007174949909341,True,True,1,TP
72,145.65255869147333,205.570479525674,False,232.5270123038168,9.007174949909341,True,True,1,TP
73,184.74410056359073,205.570479525674,False,242.04747332338894,9.007174949909341,True,True,1,TP
74,152.01820419167893,205.570479525674,False,253.86879519308704,9.007174949909341,True,True,1,TP
75,149.64585211907132,205.570479525674,False,258.2523773484863,9.007174949909341,True,True,1,TP
76,198.85373471725904,205.570479525674,False,261.07961794274155,9.007174949909341,True,True,0,FP
77,188.79249788843055,205.570479525674,False,276.68574124268434,9.007174949909341,True,True,0,FP
78,154.35762762064564,205.570479525674,False,286.300695261618,9.007174949909341,True,True,0,FP
79,214.16088199997927,205.570479525674,True,287.60304361197876,9.007174949909341,True,True,0,FP
80,173.77281360965645,205.570479525674,False,268.48938503836933,9.007174949909341,True,True,0,FP
81,161.51316500845417,205.570479525674,False,283.95008493684367,9.007174949909341,True,True,0,FP
82,164.39798238330297,205.570479525674,False,310.38968400298387,9.007174949909341,True,True,0,FP
83,242.8316061936281,205.570479525674,True,357.9664454045069,9.007174949909341,True,True,0,FP
84,169.00359742959006,205.570479525674,False,363.34083304385786,9.007174949909341,True,True,0,FP
85,180.8213627242025,205.570479525674,False,400.123631648197,9.007174949909341,True,True,0,FP
86,165.82636798529708,205.570479525674,False,391.17115977845924,9.007174949909341,True,True,0,FP
87,196.04748633611075,205.570479525674,False,418.9457530507029,9.007174949909341,True,True,0,FP
88,205.50052016371234,205.570479525674,False,469.00978350038076,9.007174949909341,True,True,0,FP
89,128.85064499658645,205.570479525674,False,461.2562505702056,9.007174949909341,True,True,0,FP
90,172.6922858939151,205.570479525674,False,498.3514186784932,9.007174949909341,True,True,0,FP
91,141.5977873829868,205.570479525674,False,542.3991848240985,9.007174949909341,True,True,0,FP
92,173.28668167480225,205.570479525674,False,567.4374117937205,9.007174949909341,True,True,0,FP
93,187.85162161973403,205.570479525674,False,558.207615524279,9.007174949909341,True,True,0,FP
94,199.58876539256164,205.570479525674,False,604.5863264116073,9.007174949909341,True,True,0,FP
95,183.80122660199467,205.570479525674,False,603.2546562621403,9.007174949909341,True,True,0,FP
96,182.6052374243293,205.570479525674,False,640.3629523806295,9.007174949909341,True,True,0,FP
97,192.87966227816804,205.570479525674,False,676.352314294241,9.007174949909341,True,True,0,FP
98,168.65495095390872,205.570479525674,False,732.8719962408802,9.007174949909341,True,True,0,FP
99,195.79210189057827,205.570479525674,False,730.470860608336,9.007174949909341,True,True,0,FP
100,203.06549058474928,205.570479525674,False,722.7638296861466,9.007174949909341,True,True,0,FP
101,141.9630445484251,205.570479525674,False,723.3045269985223,9.007174949909341,True,True,0,FP
102,219.91247939364604,205.570479525674,True,749.2435295567287,9.007174949909341,True,True,0,FP
103,167.41454576547932,205.570479525674,False,751.6750527498975,9.007174949909341,True,True,0,FP
104,281.19610381872394,205.570479525674,True,761.4264629481752,9.007174949909341,True,True,0,FP
105,197.57295452902503,205.570479525674,False,782.3924027765452,9.007174949909341,True,True,0,FP
106,205.13405959080214,205.570479525674,False,821.8591017876442,9.007174949909341,True,True,0,FP
107,230.04898410706545,205.570479525674,True,875.0048140440377,9.007174949909341,True,True,0,FP
108,230.00146483796112,205.570479525674,True,833.1403282188847,9.007174949909341,True,True,0,FP
109,170.15314870806492,205.570479525674,False,818.9714913728967,9.007174949909341,True,True,0,FP
110,259.04558733105785,205.570479525674,True,848.0862224604098,9.007174949909341,True,True,0,FP
111,157.09145017526833,205.570479525674,False,816.6189140420419,9.007174949909341,True,True,0,FP
112,180.83357956453472,205.570479525674,False,812.7468154410151,9.007174949909341,True,True,0,FP
113,161.7053948061985,205.570479525674,False,798.179292935646,9.007174949909341,True,True,0,FP
114,175.1201650903786,205.570479525674,False,805.7901925701694,9.007174949909341,True,True,0,FP
115,148.17354607908527,205.570479525674,False,768.5089446472563,9.007174949909341,True,True,0,FP
116,163.68781930148285,205.570479525674,False,775.1078950027712,9.007174949909341,True,True,0,FP
117,161.20525821139177,205.570479525674,False,766.2807294686148,9.007174949909341,True,True,0,FP
118,169.65762372499017,205.570479525674,False,695.0839432292894,9.007174949909341,True,True,0,FP
119,167.6707789837974,205.570479525674,False,682.2791283705866,9.007174949909341,True,True,0,FP
120,137.50846939711283,205.570479525674,False,676.511062677913,9.007174949909341,True,True,0,FP
121,195.03642215039565,205.570479525674,False,686.1153709933852,9.007174949909341,True,True,0,FP
122,166.21234043749118,205.570479525674,False,683.1434587435425,9.007174949909341,True,True,0,FP
123,171.00377108884524,205.570479525674,False,699.6760232383159,9.007174949909341,True,True,0,FP
124,135.02303870617698,205.570479525674,False,665.0304199268176,9.007174949909341,True,True,0,FP
125,163.9542305282214,205.570479525674,False,677.2191986034909,9.007174949909341,True,True,0,FP
126,152.21779451707584,205.570479525674,False,663.3959154062967,9.007174949909341,True,True,0,FP
127,134.11107980831508,205.570479525674,False,677.60424973016,9.007174949909341,True,True,0,FP
128,176.80248790512593,205.570479525674,False,662.5418843575732,9.007174949909341,True,True,0,FP
129,150.59584958824348,205.570479525674,False,676.7867593583438,9.007174949909341,True,True,0,FP
130,173.45062939940658,205.570479525674,False,582.675982878839,9.007174949909341,True,True,0,FP
131,246.46008024353335,205.570479525674,True,603.4558555071511,9.007174949909341,True,True,0,FP
132,214.30460751335391,205.570479525674,True,598.2440403176108,9.007174949909341,True,True,0,FP
133,164.55242137490922,205.570479525674,False,618.2015539017573,9.007174949909341,True,True,0,FP
134,169.79417411726524,205.570479525674,False,639.7534906180681,9.007174949909341,True,True,0,FP
135,153.88509289342565,205.570479525674,False,625.8216513753528,9.007174949909341,True,True,0,FP
136,192.4184444710843,205.570479525674,False,659.5933056513883,9.007174949909341,True,True,0,FP
137,208.23998593303864,205.570479525674,True,660.269501493642,9.007174949909341,True,True,0,FP
138,176.76124893154375,205.570479525674,False,688.8034534846687,9.007174949909341,True,True,0,FP
139,158.88704424359042,205.570479525674,False,686.0411435048597,9.007174949909341,True,True,0,FP
140,160.78421293017843,205.570479525674,False,728.6267154039974,9.007174949909341,True,True,0,FP
141,173.25000821614032,205.570479525674,False,730.3938733241569,9.007174949909341,True,True,0,FP
142,143.82595985906488,205.570479525674,False,731.1949604341377,9.007174949909341,True,True,0,FP
143,191.34666058480448,205.570479525674,False,704.2567150499183,9.007174949909341,True,True,0,FP
144,154.66996378944015,205.570479525674,False,674.9709112316159,9.007174949909341,True,True,0,FP
145,215.64114603483128,205.570479525674,True,702.744941593014,9.007174949909341,True,True,0,FP
146,144.16476713761412,205.570479525674,False,702.0891607137611,9.007174949909341,True,True,0,FP
147,180.42977661445343,205.570479525674,False,707.1214827683057,9.007174949909341,True,True,0,FP
148,209.02858262177756,205.570479525674,True,655.0106927324106,9.007174949909341,True,True,0,FP
149,146.63567193705725,205.570479525674,False,638.8011280339713,9.007174949909341,True,True,0,FP
150,153.17489099025738,205.570479525674,False,613.9067870050483,9.007174949909341,True,True,0,FP
151,174.99064966353353,205.570479525674,False,631.9018338895957,9.007174949909341,True,True,0,FP
152,176.54757390991222,205.570479525674,False,539.8969912609126,9.007174949909341,True,True,1,TP
153,115.57022068997036,205.570479525674,False,486.71135926725054,9.007174949909341,True,True,0,FP
154,141.1700822765011,205.570479525674,False,444.7580591068344,9.007174949909341,True,True,0,FP
155,183.79154881262912,205.570479525674,False,426.70615414644885,9.007174949909341,True,True,0,FP
156,246.5506401928531,205.570479525674,True,475.4137925789735,9.007174949909341,True,True,0,FP
157,172.5557391745332,205.570479525674,False,515.3561446730954,9.007174949909341,True,True,0,FP
158,140.09038177207674,205.570479525674,False,506.9109268352749,9.007174949909341,True,True,0,FP
159,190.00426069337357,205.570479525674,False,505.2236260342116,9.007174949909341,True,True,0,FP
160,180.63180939515632,205.570479525674,False,450.3752386189021,9.007174949909341,True,True,0,FP
161,186.67079184436707,205.570479525674,False,459.2623820152078,9.007174949909341,True,True,0,FP
162,193.12691520641474,205.570479525674,False,472.681989801161,9.007174949909341,True,True,0,FP
163,181.49584656659275,205.570479525674,False,505.93255759047634,9.007174949909341,True,True,0,FP
164,158.19242362759746,205.570479525674,False,518.852470221937,9.007174949909341,True,True,0,FP
165,156.91271374971114,205.570479525674,False,531.7865202996602,9.007174949909341,True,True,0,FP
166,167.32330286140126,205.570479525674,False,529.2380872764427,9.007174949909341,True,True,0,FP
167,191.71431783488157,205.570479525674,False,578.3577136314491,9.007174949909341,True,True,0,FP
168,174.75024441218656,205.570479525674,False,656.62398236625,9.007174949909341,True,True,0,FP
169,220.56669884382694,205.570479525674,True,686.3894733040636,9.007174949909341,True,True,0,FP
170,193.80880743245672,205.570479525674,False,737.5617270738638,9.007174949909341,True,True,0,FP
171,189.4096643238039,205.570479525674,False,732.2159314366002,9.007174949909341,True,True,0,FP
172,119.64392787598248,205.570479525674,False,678.2730076969958,9.007174949909341,True,True,0,FP
173,179.20430762364305,205.570479525674,False,599.5692365165065,9.007174949909341,True,True,0,FP
174,166.25186966048446,205.570479525674,False,610.3569617942252,9.007174949909341,True,True,0,FP
175,210.85324225567717,205.570479525674,True,599.2469843889165,9.007174949909341,True,True,0,FP
176,231.15561256179075,205.570479525674,True,642.7771643658092,9.007174949909341,True,True,0,FP
177,220.99099377311558,205.570479525674,True,709.6140943952453,9.007174949909341,True,True,0,FP
178,146.86875856715818,205.570479525674,False,746.9355215388139,9.007174949909341,True,True,0,FP
179,196.94444852957977,205.570479525674,False,661.4603061559518,9.007174949909341,True,True,0,FP
180,160.6939369498656,205.570479525674,False,680.4152596030856,9.007174949909341,True,True,0,FP
181,144.54862403914436,205.570479525674,False,715.8263200745578,9.007174949909341,True,True,0,FP
182,144.81931457289514,205.570479525674,False,630.2008683167379,9.007174949909341,True,True,0,FP
183,209.42879515625455,205.570479525674,True,700.3642365696903,9.007174949909341,True,True,0,FP
184,159.67966269239298,205.570479525674,False,706.4237679849648,9.007174949909341,True,True,0,FP
185,168.87986898414317,205.570479525674,False,687.9197300777457,9.007174949909341,True,True,1,TP
186,107.81946525121316,205.570479525674,False,611.6918469182834,9.007174949909341,True,True,0,FP
187,223.1323344619183,205.570479525674,True,623.2255555307881,9.007174949909341,True,True,0,FP
188,236.16158643168086,205.570479525674,True,656.6882623949427,9.007174949909341,True,True,0,FP
189,143.62150822193053,205.570479525674,False,685.498286901282,9.007174949909341,True,True,0,FP
190,170.48268083660167,205.570479525674,False,702.8624765935315,9.007174949909341,True,True,0,FP
191,121.8494146347534,205.570479525674,False,716.4310420928094,9.007174949909341,True,True,0,FP
192,227.63216309013336,205.570479525674,True,726.4161447246028,9.007174949909341,True,True,0,FP
193,157.55087732876106,205.570479525674,False,745.3868396006238,9.007174949909341,True,True,0,FP
194,229.20312119304648,205.570479525674,True,794.9102764915972,9.007174949909341,True,True,0,FP
195,261.38098481039725,205.570479525674,True,787.3013304099242,9.007174949909341,True,True,0,FP
196,190.92875036986422,205.570479525674,False,743.4657601428103,9.007174949909341,True,True,0,FP
197,218.68269343364625,205.570479525674,True,781.2184021001284,9.007174949909341,True,True,0,FP
198,195.41248988582632,205.570479525674,False,800.3976370380617,9.007174949909341,True,True,0,FP
199,146.4137219196589,205.570479525674,False,823.5543640345584,9.007174949909341,True,True,0,FP
200,217.28565442888117,205.570479525674,True,869.4879413450508,9.007174949909341,True,True,0,FP
201,181.40138532055164,205.570479525674,False,863.1536739813585,9.007174949909341,True,True,0,FP
202,162.17940683004906,205.570479525674,False,856.9198108610458,9.007174949909341,True,True,0,FP
203,181.79370206647496,205.570479525674,False,815.8353869299211,9.007174949909341,True,True,0,FP
204,179.185446743544,205.570479525674,False,787.9682890778798,9.007174949909341,True,True,0,FP
205,207.21867801277585,205.570479525674,True,816.5571355271545,9.007174949909341,True,True,0,FP
206,196.68334943907462,205.570479525674,False,819.4093121915255,9.007174949909341,True,True,0,FP
207,154.3984232402198,205.570479525674,False,793.3857042648671,9.007174949909341,True,True,0,FP
208,161.0773411430264,205.570479525674,False,773.3202946613281,9.007174949909341,True,True,0,FP
209,228.82887328902535,205.570479525674,True,801.663919032034,9.007174949909341,True,True,0,FP
210,118.94622197282148,205.570479525674,False,776.1198408358298,9.007174949909341,True,True,0,FP
211,177.63465819696512,205.570479525674,False,802.9365032685687,9.007174949909341,True,True,0,FP
212,209.14312308612014,205.570479525674,True,762.9693475106371,9.007174949909341,True,True,0,FP
213,138.6675088767771,205.570479525674,False,757.9009610648823,9.007174949909341,True,True,0,FP
214,178.17055915745223,205.570479525674,False,749.6422586500267,9.007174949909341,True,True,0,FP
215,248.26046988710465,205.570479525674,True,782.3828675165372,9.007174949909341,True,True,0,FP
216,230.7793239841518,205.570479525674,True,820.1836421138466,9.007174949909341,True,True,0,FP
217,246.71954470236398,205.570479525674,True,885.3307124664867,9.007174949909341,True,True,0,FP
218,188.43987212509907,205.570479525674,False,908.4851440328414,9.007174949909341,True,True,0,FP
219,140.02754415616906,205.570479525674,False,854.5935230525702,9.007174949909341,True,True,0,FP
220,211.64542050662152,205.570479525674,True,846.3155160262088,9.007174949909341,True,True,0,FP
221,130.64867621284682,205.570479525674,False,825.7640902381804,9.007174949909341,True,True,0,FP
222,175.82707243197518,205.570479525674,False,814.9738362906444,9.007174949909341,True,True,0,FP
223,191.21796669365904,205.570479525674,False,859.3187305807712,9.007174949909341,True,True,0,FP
224,119.60814406626126,205.570479525674,False,824.6190018807898,9.007174949909341,True,True,0,FP
225,200.0811253589369,205.570479525674,False,823.1601757806869,9.007174949909341,True,True,0,FP
226,171.43600602715514,205.570479525674,False,818.9741900309717,9.007174949909341,True,True,0,FP
227,256.78298333520326,205.570479525674,True,838.7563183082563,9.007174949909341,True,True,0,FP
228,310.38019550630986,205.570479525674,True,791.28768083541,9.007174949909341,True,True,0,FP
229,219.55474757971564,205.570479525674,True,845.8364519942343,9.007174949909341,True,True,0,FP
230,161.00776603850602,205.570479525674,False,886.4478807259285,9.007174949909341,True,True,0,FP
231,146.18356426773153,205.570479525674,False,821.3633964529838,9.007174949909341,True,True,0,FP
232,173.83555025430053,205.570479525674,False,830.1599629043226,9.007174949909341,True,True,0,FP
233,175.90139977868972,205.570479525674,False,844.8594593906676,9.007174949909341,True,True,0,FP
234,178.82001873005316,205.570479525674,False,819.179312716234,9.007174949909341,True,True,0,FP
235,258.1629299002835,205.570479525674,True,853.0604074655619,9.007174949909341,True,True,0,FP
236,178.0828629514299,205.570479525674,False,878.7589016475874,9.007174949909341,True,True,0,FP
237,234.60894343245116,205.570479525674,True,903.1035963343726,9.007174949909341,True,True,0,FP
238,205.4993652134955,205.570479525674,False,927.3311126170906,9.007174949909341,True,True,0,FP
239,162.3292210006207,205.570479525674,False,867.151116476704,9.007174949909341,True,True,0,FP
240,137.93926246026712,205.570479525674,False,803.361840070546,9.007174949909341,True,True,0,FP
241,157.39935770193622,205.570479525674,False,808.4385929099201,9.007174949909341,True,True,0,FP
242,177.432118038643,205.570479525674,False,804.901737013613,9.007174949909341,True,True,0,FP
243,170.091052678316,205.570479525674,False,844.2682247018851,9.007174949909341,True,True,0,FP
244,218.4666247666238,205.570479525674,True,825.5099620617048,9.007174949909341,True,True,0,FP
245,214.79040010447846,205.570479525674,True,856.252318582623,9.007174949909341,True,True,0,FP
246,319.19011265829477,205.570479525674,True,864.4555898165077,9.007174949909341,True,True,0,FP
247,282.3207446769827,205.570479525674,True,892.3815694275888,9.007174949909341,True,True,0,FP
248,181.09532650278337,205.570479525674,False,918.8366649091557,9.007174949909341,True,True,0,FP
249,141.85585582324802,205.570479525674,False,924.1314022992838,9.007174949909341,True,True,0,FP
250,227.38015877058487,205.570479525674,True,997.5334187379489,9.007174949909341,True,True,0,FP
251,134.2704252328632,205.570479525674,False,975.538750686983,9.007174949909341,True,True,0,FP
252,193.0407961849491,205.570479525674,False,946.8075327964865,9.007174949909341,True,True,0,FP
253,169.52752794054442,205.570479525674,False,892.5831359672032,9.007174949909341,True,True,0,FP
254,244.94844267392955,205.570479525674,True,861.0884896112015,9.007174949909341,True,True,0,FP
255,176.29716739525037,205.570479525674,False,828.9222055937753,9.007174949909341,True,True,0,FP
256,192.04788966822227,205.570479525674,False,791.6798083773178,9.007174949909341,True,True,0,FP
257,206.9055319354079,205.570479525674,True,759.306561893299,9.007174949909341,True,True,0,FP
258,179.82822752658922,205.570479525674,False,767.8593996147861,9.007174949909341,True,True,0,FP
259,228.15016590196348,205.570479525674,True,755.1368761095462,9.007174949909341,True,True,0,FP
260,215.01332026342394,205.570479525674,True,779.0410700213496,9.007174949909341,True,True,0,FP
261,167.23777661861462,205.570479525674,False,769.0744808819165,9.007174949909341,True,True,0,FP
262,167.4187471016291,205.570479525674,False,800.3193971699559,9.007174949909341,True,True,0,FP
263,144.87279902214465,205.570479525674,False,771.5389178371883,9.007174949909341,True,True,0,FP
264,249.45686120316913,205.570479525674,True,779.9356595568266,9.007174949909341,True,True,0,FP
265,168.86520631900902,205.570479525674,False,784.3353772047467,9.007174949909341,True,True,0,FP
266,168.55234073325494,205.570479525674,False,772.3072094746165,9.007174949909341,True,True,0,FP
267,298.59568710818127,205.570479525674,True,860.7334673992393,9.007174949909341,True,True,1,TP
268,257.57823642224514,205.570479525674,True,865.5201854972594,9.007174949909341,True,True,0,FP
269,236.94614541314212,205.570479525674,True,891.225780952596,9.007174949909341,True,True,0,FP
270,275.22409837314694,205.570479525674,True,888.0525839862509,9.007174949909341,True,True,0,FP
271,215.6820274949772,205.570479525674,True,884.8019384149139,9.007174949909341,True,True,0,FP
272,170.89172103400952,205.570479525674,False,803.1353185302819,9.007174949909341,True,True,0,FP
273,200.90036026906137,205.570479525674,False,809.3224254704764,9.007174949909341,True,True,0,FP
274,276.4726284695839,205.570479525674,True,859.4131569649289,9.007174949909341,True,True,1,TP
275,158.6607784711781,205.570479525674,False,857.3682373075995,9.007174949909341,True,True,0,FP
276,203.42116302724185,205.570479525674,False,845.2650193987549,9.007174949909341,True,True,0,FP
277,156.1049370139003,205.570479525674,False,811.4330482094089,9.007174949909341,True,True,0,FP
278,208.32940370497747,205.570479525674,True,804.6194387651924,9.007174949909341,True,True,0,FP
279,193.28739171952003,205.570479525674,False,806.0094209071527,9.007174949909341,True,True,0,FP
280,269.6980539739138,205.570479525674,True,730.1773463026648,9.007174949909341,True,True,0,FP
281,179.39990829490722,205.570479525674,False,666.6800424986013,9.007174949909341,True,True,0,FP
282,222.1621576071018,205.570479525674,True,695.3009996647213,9.007174949909341,True,True,0,FP
283,159.06617187645455,205.570479525674,False,676.3241746262657,9.007174949909341,True,True,0,FP
284,205.28709687063616,205.570479525674,False,695.3064685275092,9.007174949909341,True,True,0,FP
285,204.43544879310767,205.570479525674,False,721.0321132383208,9.007174949909341,True,True,0,FP
286,155.33867990723863,205.570479525674,False,718.5477912330078,9.007174949909341,True,True,0,FP
287,249.1640283569629,205.570479525674,True,722.6711677016343,9.007174949909341,True,True,0,FP
288,249.47005820834627,205.570479525674,True,701.1426770220901,9.007174949909341,True,True,0,FP
289,211.47393998452276,205.570479525674,True,758.3326051808367,9.007174949909341,True,True,0,FP
290,201.15248348183695,205.570479525674,False,762.0274429055576,9.007174949909341,True,True,0,FP
291,175.84553833395594,205.570479525674,False,779.655157829475,9.007174949909341,True,True,0,FP
292,182.6451680063921,205.570479525674,False,695.7811142739108,9.007174949909341,True,True,0,FP
293,176.52086321778705,205.570479525674,False,697.0223486049485,9.007174949909341,True,True,0,FP
294,146.0721693328041,205.570479525674,False,704.879594654838,9.007174949909341,True,True,0,FP
295,206.37227662235955,205.570479525674,True,757.52062869691,9.007174949909341,True,True,0,FP
296,140.2823404888127,205.570479525674,False,772.3702102490697,9.007174949909341,True,True,0,FP
297,240.4558249765621,205.570479525674,True,759.0737237238493,9.007174949909341,True,True,0,FP
298,285.9003656332991,205.570479525674,True,858.4021876269209,9.007174949909341,True,True,0,FP
299,215.3887493669872,205.570479525674,True,908.1384744434282,9.007174949909341,True,True,0,FP
300,295.84272180114067,205.570479525674,True,1018.3674967363522,9.007174949909341,True,True,0,FP
301,171.59564051879033,205.570479525674,False,940.1274497025304,9.007174949909341,True,True,0,FP
302,202.7691213277779,205.570479525674,False,1012.0338058019383,9.007174949909341,True,True,0,FP
303,194.69177316366148,205.570479525674,False,998.0928563409319,9.007174949909341,True,True,0,FP
304,215.23406906219014,205.570479525674,True,1039.006040439412,9.007174949909341,True,True,0,FP
305,162.00741099955923,205.570479525674,False,990.3257046664238,9.007174949909341,True,True,0,FP
306,246.18523917920314,205.570479525674,True,1012.7577604246834,9.007174949909341,True,True,0,FP
307,168.6221597572091,205.570479525674,False,1020.9369181019656,9.007174949909341,True,True,0,FP
308,168.39428194271485,205.570479525674,False,931.059389768487,9.007174949909341,True,True,1,TP
309,244.91063995180258,205.570479525674,True,932.6321892285478,9.007174949909341,True,True,0,FP
310,236.42160797180304,205.570479525674,True,982.9055437315893,9.007174949909341,True,True,0,FP
311,211.6452686152147,205.570479525674,True,947.5555335536291,9.007174949909341,True,True,0,FP
312,241.00161105513956,205.570479525674,True,929.6490013280893,9.007174949909341,True,True,1,TP
313,246.9590140454369,205.570479525674,True,913.4652883842871,9.007174949909341,True,True,0,FP
314,205.1865465893755,205.570479525674,False,947.362205876907,9.007174949909341,True,True,0,FP
315,171.00883750675033,205.570479525674,False,876.8572163455536,9.007174949909341,True,True,0,FP
316,163.67530801423842,205.570479525674,False,847.0118819113178,9.007174949909341,True,True,0,FP
317,176.96362561448632,205.570479525674,False,845.3640654778173,9.007174949909341,True,True,0,FP
318,228.0137262074133,205.570479525674,True,868.8692533018915,9.007174949909341,True,True,0,FP
319,200.55840766469868,205.570479525674,False,848.9901707093929,9.007174949909341,True,True,0,FP
320,221.65405183136596,205.570479525674,True,873.7820257410829,9.007174949909341,True,True,0,FP
321,181.4969898642478,205.570479525674,False,886.5151604702289,9.007174949909341,True,True,0,FP
322,247.64293423451267,205.570479525674,True,928.803388785243,9.007174949909341,True,True,0,FP
323,182.11435484960452,205.570479525674,False,873.8580312331718,9.007174949909341,True,True,0,FP
324,218.3439075035875,205.570479525674,True,937.5797863349544,9.007174949909341,True,True,0,FP
325,158.2021085680197,205.570479525674,False,959.4652319781005,9.007174949909341,True,True,0,FP
326,207.3985099847539,205.570479525674,True,835.0002670703526,9.007174949909341,True,True,0,FP
327,182.34296245049657,205.570479525674,False,831.2806441688841,9.007174949909341,True,True,0,FP
328,206.8793111112998,205.570479525674,True,836.3372926780808,9.007174949909341,True,True,0,FP
329,195.07232093955457,205.570479525674,False,871.118647243482,9.007174949909341,True,True,0,FP
330,218.2036395548639,205.570479525674,True,902.0883576870262,9.007174949909341,True,True,0,FP
331,194.80987807953983,205.570479525674,False,822.5293549891677,9.007174949909341,True,True,0,FP
332,222.40945204063507,205.570479525674,True,906.7531263417502,9.007174949909341,True,True,0,FP
333,200.02446811446015,205.570479525674,False,935.7797114667108,9.007174949909341,True,True,0,FP
334,131.99712085212298,205.570479525674,False,890.1923700550627,9.007174949909341,True,True,1,TP
335,160.94772048373824,205.570479525674,False,745.9505642403592,9.007174949909341,True,True,0,FP
336,171.47525067968007,205.570479525674,False,634.7637127699616,9.007174949909341,True,True,0,FP
337,190.10800355660314,205.570479525674,False,578.9001442320999,9.007174949909341,True,True,0,FP
338,169.590406648343,205.570479525674,False,539.1270224063512,9.007174949909341,True,True,0,FP
339,122.67824257413493,205.570479525674,False,508.2283152477056,9.007174949909341,True,True,0,FP
340,211.35883646995882,205.570479525674,True,521.9352206317554,9.007174949909341,True,True,0,FP
341,126.76926726731304,205.570479525674,False,506.380116809168,9.007174949909341,True,True,0,FP
342,145.9325765746372,205.570479525674,False,495.5051879835988,9.007174949909341,True,True,0,FP
343,167.1336423666218,205.570479525674,False,464.56577168667377,9.007174949909341,True,True,0,FP
344,192.07154694647204,205.570479525674,False,466.94215167486294,9.007174949909341,True,True,0,FP
345,184.50901440964208,205.570479525674,False,478.7834577222486,9.007174949909341,True,True,0,FP
346,172.59849161605646,205.570479525674,False,488.2036720637814,9.007174949909341,True,True,0,FP
347,153.7667163057887,205.570479525674,False,519.7121040218179,9.007174949909341,True,True,0,FP
348,150.12763076006829,205.570479525674,False,545.1077529264114,9.007174949909341,True,True,0,FP
349,187.39325602461167,205.570479525674,False,579.3509303675596,9.007174949909341,True,True,0,FP
350,207.43973588022453,205.570479525674,True,648.1694246939791,9.007174949909341,True,True,1,TP
351,164.97057020359847,205.570479525674,False,603.2194127844682,9.007174949909341,True,True,0,FP
352,160.5529726999045,205.570479525674,False,611.5485708078472,9.007174949909341,True,True,0,FP
353,313.6762724587675,205.570479525674,True,692.4148743506436,9.007174949909341,True,True,0,FP
354,220.32651014088918,205.570479525674,True,737.900440404957,9.007174949909341,True,True,0,FP
355,193.5818046446182,205.570479525674,False,753.7400992664328,9.007174949909341,True,True,0,FP
356,205.0351385740683,205.570479525674,False,837.9406414812472,9.007174949909341,True,True,0,FP
357,185.51202544007702,205.570479525674,False,832.780538735172,9.007174949909341,True,True,0,FP
358,201.52164897303305,205.570479525674,False,806.9770581949168,9.007174949909341,True,True,0,FP
359,185.98077940753373,205.570479525674,False,754.027552743843,9.007174949909341,True,True,0,FP
360,226.60842806639286,205.570479525674,True,764.3773986113515,9.007174949909341,True,True,0,FP
361,293.1518918763102,205.570479525674,True,840.7665150158484,9.007174949909341,True,True,1,TP
362,165.4861889453965,205.570479525674,False,760.794314947083,9.007174949909341,True,True,0,FP
363,173.99958013736187,205.570479525674,False,690.1950091059373,9.007174949909341,True,True,0,FP
364,177.8923586443595,205.570479525674,False,686.0294424330299,9.007174949909341,True,True,1,TP
365,190.82859575702983,205.570479525674,False,694.1415154102402,9.007174949909341,True,True,1,TP
366,200.2709340479805,205.570479525674,False,696.134110957329,9.007174949909341,True,True,0,FP
367,237.09506053828704,205.570479525674,True,736.981760610343,9.007174949909341,True,True,0,FP
368,249.28241662408612,205.570479525674,True,695.4653271237239,9.007174949909341,True,True,0,FP
369,202.43507182517897,205.570479525674,False,732.8461460701598,9.007174949909341,True,True,0,FP
370,238.19886427016525,205.570479525674,True,749.6747656247809,9.007174949909341,True,True,0,FP
371,146.641805552621,205.570479525674,False,752.1649583206702,9.007174949909341,True,True,0,FP
372,227.68028765340065,205.570479525674,True,849.7606923825507,9.007174949909341,True,True,0,FP
373,218.38881998924654,205.570479525674,True,886.009490904878,9.007174949909341,True,True,0,FP
374,235.80160101288027,205.570479525674,True,924.5116737399669,9.007174949909341,True,True,0,FP
375,263.7734360856656,205.570479525674,True,1003.8216882769985,9.007174949909341,True,True,0,FP
376,201.4584207531395,205.570479525674,False,1025.5905748628418,9.007174949909341,True,True,0,FP
377,226.6408872524129,205.570479525674,True,924.9330959587995,9.007174949909341,True,True,1,TP
378,187.63142499733925,205.570479525674,False,945.3424914867043,9.007174949909341,True,True,0,FP
379,200.2918785835721,205.570479525674,False,948.7516162376403,9.007174949909341,True,True,0,FP
380,285.54389690197985,205.570479525674,True,981.0039650048809,9.007174949909341,True,True,0,FP
381,225.3785731235119,205.570479525674,True,885.6587569337396,9.007174949909341,True,True,0,FP
382,213.0639730216386,205.570479525674,True,893.9406800119848,9.007174949909341,True,True,0,FP
383,259.7154881179612,205.570479525674,True,885.0201338970272,9.007174949909341,True,True,0,FP
384,213.91861366651028,205.570479525674,True,865.316028669116,9.007174949909341,True,True,0,FP
385,205.57995321897272,205.570479525674,True,863.8870190915774,9.007174949909341,True,True,0,FP
386,184.91447904217367,205.570479525674,False,847.5654368112847,9.007174949909341,True,True,0,FP
387,266.2752030865256,205.570479525674,True,902.5842422837885,9.007174949909341,True,True,0,FP
388,189.4540158882043,205.570479525674,False,910.6369414878421,9.007174949909341,True,True,0,FP
389,190.90046161393548,205.570479525674,False,946.5088900174298,9.007174949909341,True,True,0,FP
390,329.29950943257273,205.570479525674,True,949.3531490720429,9.007174949909341,True,True,0,FP
391,209.8059183899885,205.570479525674,True,930.2789953233454,9.007174949909341,True,True,0,FP
392,196.48819242877732,205.570479525674,False,913.3871356137373,9.007174949909341,True,True,0,FP
393,258.21193129481355,205.570479525674,True,944.692497184349,9.007174949909341,True,True,0,FP
394,176.85816125668626,205.570479525674,False,858.9924385105517,9.007174949909341,True,True,0,FP
395,172.91503076699667,205.570479525674,False,798.2249687515962,9.007174949909341,True,True,0,FP
396,159.33330391585105,205.570479525674,False,740.1848684274293,9.007174949909341,True,True,0,FP
397,198.1631248876325,205.570479525674,False,761.0004052486192,9.007174949909341,True,True,0,FP
398,202.34833035271575,205.570479525674,False,751.2083189085267,9.007174949909341,True,True,0,FP
399,178.26213786460048,205.570479525674,False,777.2767409172865,9.007174949909341,True,True,0,FP
400,154.44262757746398,205.570479525674,False,787.1512868039197,9.007174949909341,True,True,0,FP
401,155.92054564753138,205.570479525674,False,781.7603859599575,9.007174949909341,True,True,0,FP
402,235.7195207288256,205.570479525674,True,760.7643640197595,9.007174949909341,True,True,0,FP
403,265.7659896767393,205.570479525674,True,788.3106075020131,9.007174949909341,True,True,0,FP
404,258.9817452680342,205.570479525674,True,798.6622505320655,9.007174949909341,True,True,0,FP
405,168.06960928338762,205.570479525674,False,811.3155112666386,9.007174949909341,True,True,0,FP
406,254.92515528814772,205.570479525674,True,860.3350850242209,9.007174949909341,True,True,0,FP
407,174.2109113284669,205.570479525674,False,808.6758016832456,9.007174949909341,True,True,0,FP
408,186.04381831086408,205.570479525674,False,785.1327102289481,9.007174949909341,True,True,0,FP
409,173.60404217780152,205.570479525674,False,722.5068136210336,9.007174949909341,True,True,0,FP
410,111.50993293732476,205.570479525674,False,659.475193236706,9.007174949909341,True,True,0,FP
411,127.09085417491812,205.570479525674,False,602.5394551288206,9.007174949909341,True,True,0,FP
412,317.41237438516544,205.570479525674,True,627.7739431471153,9.007174949909341,True,True,0,FP
413,150.2754825438362,205.570479525674,False,612.8994783464365,9.007174949909341,True,True,0,FP
414,288.7927700291299,205.570479525674,True,715.9287098943562,9.007174949909341,True,True,0,FP
415,186.54369253447976,205.570479525674,False,673.0434963429752,9.007174949909341,True,True,0,FP
416,200.01505895960975,205.570479525674,False,653.3929436302279,9.007174949909341,True,True,0,FP
417,255.0837479058635,205.570479525674,True,679.5709602299282,9.007174949909341,True,True,0,FP
418,182.30290145732786,205.570479525674,False,697.1117440220766,9.007174949909341,True,True,0,FP
419,200.26455706850788,205.570479525674,False,743.7755392556859,9.007174949909341,True,True,0,FP
420,189.95061252627352,205.570479525674,False,710.7872781195396,9.007174949909341,True,True,0,FP
421,212.9937911917747,205.570479525674,True,765.4390030890299,9.007174949909341,True,True,0,FP
422,158.27593973364583,205.570479525674,False,742.4955117653305,9.007174949909341,True,True,0,FP
423,199.24542684175356,205.570479525674,False,744.1084370347439,9.007174949909341,True,True,0,FP
424,134.00630753893626,205.570479525674,False,707.371455458346,9.007174949909341,True,True,0,FP
425,146.72752631629416,205.570479525674,False,676.6871709307977,9.007174949909341,True,True,1,TP
426,209.13222028885505,205.570479525674,True,694.637187389125,9.007174949909341,True,True,1,TP
427,266.16115636651267,205.570479525674,True,750.3035376249919,9.007174949909341,True,True,0,FP
428,200.74548119626184,205.570479525674,False,706.8986600709778,9.007174949909341,True,True,0,FP
429,192.95151991025452,205.570479525674,False,704.8478045443322,9.007174949909341,True,True,0,FP
430,233.45866356933573,205.570479525674,True,709.528691227524,9.007174949909341,True,True,0,FP
431,299.1049032208599,205.570479525674,True,720.6780997120688,9.007174949909341,True,True,0,FP
432,234.7731160839001,205.570479525674,True,712.4405962391332,9.007174949909341,True,True,0,FP
433,246.7404863735018,205.570479525674,True,717.6352390628603,9.007174949909341,True,True,0,FP
434,259.8460568531238,205.570479525674,True,757.6656688364637,9.007174949909341,True,True,0,FP
435,197.79070643040208,205.570479525674,False,774.6075318548276,9.007174949909341,True,True,0,FP
436,219.95167744499352,205.570479525674,True,806.1507657447128,9.007174949909341,True,True,0,FP
437,235.0549314974448,205.570479525674,True,788.4637042119673,9.007174949909341,True,True,0,FP
438,176.02163983903483,205.570479525674,False,770.5717943422698,9.007174949909341,True,True,0,FP
439,235.9938959334143,205.570479525674,True,776.0441334423397,9.007174949909341,True,True,0,FP
440,160.37496463451356,205.570479525674,False,782.2566584196024,9.007174949909341,True,True,0,FP
441,226.49466242533364,205.570479525674,True,843.5890345096408,9.007174949909341,True,True,0,FP
442,247.60531718284423,205.570479525674,True,819.8714946361279,9.007174949909341,True,True,0,FP
443,276.50791402573316,205.570479525674,True,836.3890824402837,9.007174949909341,True,True,0,FP
444,174.37167681253098,205.570479525674,False,840.0973161847171,9.007174949909341,True,True,0,FP
445,184.6413783629548,205.570479525674,False,819.038479372368,9.007174949909341,True,True,0,FP
446,207.8530362651656,205.570479525674,True,799.9004683169329,9.007174949909341,True,True,0,FP
447,321.1764031984826,205.570479525674,True,749.4367377479916,9.007174949909341,True,True,1,TP
448,183.72159924256624,205.570479525674,False,708.080985739004,9.007174949909341,True,True,1,TP
449,216.75238170302674,205.570479525674,True,752.2181479775247,9.007174949909341,True,True,0,FP
450,194.81317811976868,205.570479525674,False,728.253943795143,9.007174949909341,True,True,1,TP
451,211.62786146482966,205.570479525674,True,728.9979011696496,9.007174949909341,True,True,1,TP
452,158.41280128363377,205.570479525674,False,676.9920988790514,9.007174949909341,True,True,1,TP
453,148.14749880148557,205.570479525674,False,670.9432685565891,9.007174949909341,True,True,0,FP
454,254.66580165752077,205.570479525674,True,687.9765785976412,9.007174949909341,True,True,0,FP
455,212.2137330089234,205.570479525674,True,699.0756367834886,9.007174949909341,True,True,0,FP
456,259.7114042092116,205.570479525674,True,709.4472971892792,9.007174949909341,True,True,0,FP
457,196.758098381797,205.570479525674,False,639.9811383864416,9.007174949909341,True,True,0,FP
458,194.4448280896731,205.570479525674,False,649.9496068077517,9.007174949909341,True,True,0,FP
459,205.8346738133718,205.570479525674,True,726.5057827075512,9.007174949909341,True,True,0,FP
460,270.8269336800075,205.570479525674,True,801.9770018013144,9.007174949909341,True,True,0,FP
461,212.83038219979176,205.570479525674,True,839.5797898000383,9.007174949909341,True,True,0,FP
462,190.6121130328313,205.570479525674,False,836.6728742882952,9.007174949909341,True,True,0,FP
463,203.6745424514121,205.570479525674,False,883.9790051329963,9.007174949909341,True,True,0,FP
464,145.2351744992701,205.570479525674,False,844.977487594803,9.007174949909341,True,True,0,FP
465,181.51554886964084,205.570479525674,False,809.4787122334823,9.007174949909341,True,True,1,TP
466,206.2855208218287,205.570479525674,True,755.9915417615463,9.007174949909341,True,True,1,TP
467,211.12757501026914,205.570479525674,True,738.8206590208652,9.007174949909341,True,True,0,FP
468,178.0622596673331,205.570479525674,False,756.454974082898,9.007174949909341,True,True,0,FP
469,257.65448570379635,205.570479525674,True,818.3827422770536,9.007174949909341,True,True,0,FP
470,294.60654980685507,205.570479525674,True,862.8244181442975,9.007174949909341,True,True,0,FP
471,172.00275996723337,205.570479525674,False,874.7987358294265,9.007174949909341,True,True,0,FP
472,172.65426123557307,205.570479525674,False,870.5617925501036,9.007174949909341,True,True,0,FP
473,138.95109926301257,205.570479525674,False,814.9383265737011,9.007174949909341,True,True,0,FP
474,224.9725863649465,205.570479525674,True,867.1401599845188,9.007174949909341,True,True,0,FP
475,181.02067914386345,205.570479525674,False,814.2540480832465,9.007174949909341,True,True,0,FP
476,238.7923090248284,205.570479525674,True,902.7748149719952,9.007174949909341,True,True,0,FP
477,158.59945558637315,205.570479525674,False,878.4482570638464,9.007174949909341,True,True,0,FP
478,192.00769103787505,205.570479525674,False,840.8381718625276,9.007174949909341,True,True,0,FP
479,270.82385822760494,205.570479525674,True,906.374171977243,9.007174949909341,True,True,0,FP
480,181.93096566719927,205.570479525674,False,863.5188594791103,9.007174949909341,True,True,0,FP
481,261.77803589182037,205.570479525674,True,915.7518959949181,9.007174949909341,True,True,0,FP
482,173.2638787109851,205.570479525674,False,860.9156897683116,9.007174949909341,True,True,0,FP
483,190.7999413069228,205.570479525674,False,876.1748979417346,9.007174949909341,True,True,0,FP
484,230.63465432124087,205.570479525674,True,939.8333321809264,9.007174949909341,True,True,0,FP
485,220.82095737547957,205.570479525674,True,909.2320059502819,9.007174949909341,True,True,0,FP
486,176.33016931226317,205.570479525674,False,902.9400365310918,9.007174949909341,True,True,1,TP
487,216.31487355205837,205.570479525674,True,880.1858336776116,9.007174949909341,True,True,1,TP
488,233.87703814510127,205.570479525674,True,902.4910201966615,9.007174949909341,True,True,1,TP
489,130.0797620349118,205.570479525674,False,819.4351741045107,9.007174949909341,True,True,0,FP
490,191.25949379262724,205.570479525674,False,753.279870302447,9.007174949909341,True,True,0,FP
491,205.7537096326013,205.570479525674,True,811.4798651535125,9.007174949909341,True,True,0,FP
492,159.43787166900694,205.570479525674,False,776.2754518961005,9.007174949909341,True,True,0,FP
493,163.1468411717102,205.570479525674,False,786.3326605632786,9.007174949909341,True,True,0,FP
494,219.9749267320015,205.570479525674,True,821.6175010678992,9.007174949909341,True,True,0,FP
495,176.9370224384213,205.570479525674,False,823.2816809178395,9.007174949909341,True,True,0,FP
496,180.21621854015717,205.570479525674,False,779.0992618034959,9.007174949909341,True,True,0,FP
497,248.87967437850517,205.570479525674,True,795.3767083501451,9.007174949909341,True,True,0,FP
498,133.1938613569853,205.570479525674,False,770.8231671472357,9.007174949909341,True,True,0,FP
499,184.09215094571124,205.570479525674,False,772.922040424481,9.007174949909341,True,True,0,FP
500,206.07171949208825,205.570479525674,True,761.3819725158612,9.007174949909341,True,True,0,FP
501,240.35815942877463,205.570479525674,True,830.6309398520125,9.007174949909341,True,True,0,FP
502,220.82545095953714,205.570479525674,True,816.1963873005569,9.007174949909341,True,True,0,FP
503,190.18556182636735,205.570479525674,False,825.7783723510624,9.007174949909341,True,True,0,FP
504,192.56511509015257,205.570479525674,False,827.2210201166895,9.007174949909341,True,True,0,FP
505,178.6999360646539,205.570479525674,False,752.6593472941715,9.007174949909341,True,True,0,FP
506,290.17437525427636,205.570479525674,True,808.6346955752964,9.007174949909341,True,True,0,FP
507,262.854205039273,205.570479525674,True,866.1383437208128,9.007174949909341,True,True,0,FP
508,252.01771922066928,205.570479525674,True,898.9528658662639,9.007174949909341,True,True,0,FP
509,226.16074958812902,205.570479525674,True,890.3556140183458,9.007174949909341,True,True,0,FP
510,366.6718526707468,205.570479525674,True,965.067464201893,9.007174949909341,True,True,0,FP
511,170.66048391551698,205.570479525674,False,920.7284378189523,9.007174949909341,True,True,0,FP
512,170.54789264384044,205.570479525674,False,919.2142497062795,9.007174949909341,True,True,0,FP
513,251.6369598449375,205.570479525674,True,957.0222213160444,9.007174949909341,True,True,0,FP
514,181.90173462789085,205.570479525674,False,957.2103874843307,9.007174949909341,True,True,0,FP
515,199.3173107493156,205.570479525674,False,904.7931435631539,9.007174949909341,True,True,0,FP
516,193.1655479273221,205.570479525674,False,891.982686398017,9.007174949909341,True,True,0,FP
517,188.7840948071672,205.570479525674,False,917.9270209275678,9.007174949909341,True,True,0,FP
518,181.54066594598237,205.570479525674,False,915.0611391617556,9.007174949909341,True,True,0,FP
519,281.03884349917024,205.570479525674,True,918.4987189867087,9.007174949909341,True,True,0,FP
520,275.88901442802006,205.570479525674,True,903.8796391471417,9.007174949909341,True,True,0,FP
521,234.53683615130163,205.570479525674,True,955.5228796148871,9.007174949909341,True,True,0,FP
522,167.61663096086113,205.570479525674,False,945.2147870782492,9.007174949909341,True,True,0,FP
523,164.9212106244705,205.570479525674,False,851.4140720980474,9.007174949909341,True,True,1,TP
524,208.60784898605567,205.570479525674,True,953.3190044674446,9.007174949909341,True,True,0,FP
525,238.1778621844097,205.570479525674,True,1025.8406668061327,9.007174949909341,True,True,0,FP
526,228.2092433933666,205.570479525674,True,1027.479580806805,9.007174949909341,True,True,0,FP
527,270.01505120259634,205.570479525674,True,1052.2995500383772,9.007174949909341,True,True,0,FP
528,165.1217034765942,205.570479525674,False,1028.5590628905907,9.007174949909341,True,True,0,FP
529,205.4839142295457,205.570479525674,False,1037.4913615106193,9.007174949909341,True,True,0,FP
530,181.82093808134462,205.570479525674,False,1032.2771230147014,9.007174949909341,True,True,0,FP
531,217.6858175439514,205.570479525674,True,965.5148145926972,9.007174949909341,True,True,0,FP
532,193.4506932400526,205.570479525674,False,943.4770417612543,9.007174949909341,True,True,0,FP
533,250.8238857330535,205.570479525674,True,971.1339632200645,9.007174949909341,True,True,0,FP
534,209.32496271811766,205.570479525674,True,915.7154304601085,9.007174949909341,True,True,0,FP
535,156.90337649870287,205.570479525674,False,822.2233502741749,9.007174949909341,True,True,0,FP
536,156.16684629902096,205.570479525674,False,805.7609001247763,9.007174949909341,True,True,0,FP
537,151.93419314159934,205.570479525674,False,813.6035013000271,9.007174949909341,True,True,0,FP
538,229.32608414251763,205.570479525674,True,746.3345414320574,9.007174949909341,True,True,0,FP
539,244.8482687845099,205.570479525674,True,747.1244691078459,9.007174949909341,True,True,0,FP
540,248.0871398802903,205.570479525674,True,811.842549979331,9.007174949909341,True,True,0,FP
541,267.5394303933225,205.570479525674,True,894.8260253133319,9.007174949909341,True,True,0,FP
542,270.6670627766213,205.570479525674,True,880.7818668080988,9.007174949909341,True,True,0,FP
543,193.08603003220455,205.570479525674,False,801.3146428323503,9.007174949909341,True,True,0,FP
544,192.37087012452537,205.570479525674,False,815.6041037188814,9.007174949909341,True,True,0,FP
545,214.1990463621438,205.570479525674,True,875.5121017441858,9.007174949909341,True,True,0,FP
546,204.1522311642462,205.570479525674,False,879.5486366706482,9.007174949909341,True,True,0,FP
547,210.2646975180404,205.570479525674,True,905.3075249222197,9.007174949909341,True,True,0,FP
548,222.42939134560203,205.570479525674,True,911.5315137890819,9.007174949909341,True,True,0,FP
549,161.4619174252015,205.570479525674,False,933.2743532579303,9.007174949909341,True,True,0,FP
550,264.56898674172,205.570479525674,True,915.0650153790847,9.007174949909341,True,True,0,FP
551,181.2363403223952,205.570479525674,False,960.1255139953092,9.007174949909341,True,True,0,FP
552,299.41628337513794,205.570479525674,True,1057.0670262377048,9.007174949909341,True,True,0,FP
553,299.8481993715464,205.570479525674,True,1083.2087106724375,9.007174949909341,True,True,0,FP
554,208.5711125517688,205.570479525674,True,1079.0356763365298,9.007174949909341,True,True,0,FP
555,237.38813275689944,205.570479525674,True,987.8226794990986,9.007174949909341,True,True,0,FP
556,140.64416005443096,205.570479525674,False,982.9467896636903,9.007174949909341,True,True,0,FP
557,231.97345990227967,205.570479525674,True,996.7214184026897,9.007174949909341,True,True,0,FP
558,224.70860188168456,205.570479525674,True,1001.9708281020316,9.007174949909341,True,True,0,FP
559,163.43032412576582,205.570479525674,False,947.0745972621536,9.007174949909341,True,True,0,FP
560,238.79921112101323,205.570479525674,True,981.9368624221377,9.007174949909341,True,True,0,FP
561,257.8230156813946,205.570479525674,True,975.0186240476971,9.007174949909341,True,True,1,TP
562,201.7825067647855,205.570479525674,False,963.6061785682673,9.007174949909341,True,True,0,FP
563,195.29388730338601,205.570479525674,False,930.9650747555985,9.007174949909341,True,True,0,FP
564,179.98869643854738,205.570479525674,False,919.92819895465,9.007174949909341,True,True,0,FP
565,170.45195242008117,205.570479525674,False,841.2265252575454,9.007174949909341,True,True,0,FP
566,271.0241543745223,205.570479525674,True,841.0450010982669,9.007174949909341,True,True,1,TP
567,290.9556312458214,205.570479525674,True,894.2052680678198,9.007174949909341,True,True,0,FP
568,206.5802755331527,205.570479525674,True,890.3436929069934,9.007174949909341,True,True,0,FP
569,271.56311117337185,205.570479525674,True,854.3990311772325,9.007174949909341,True,True,0,FP
570,168.73369706208302,205.570479525674,False,820.2141260325201,9.007174949909341,True,True,0,FP
571,179.55470424249017,205.570479525674,False,784.5491075734158,9.007174949909341,True,True,0,FP
572,232.16044123807973,205.570479525674,True,801.9556433005704,9.007174949909341,True,True,0,FP
573,169.47006125158435,205.570479525674,False,786.6410275474352,9.007174949909341,True,True,0,FP
574,191.5224183555676,205.570479525674,False,786.4990435367066,9.007174949909341,True,True,0,FP
575,223.73127357445594,205.570479525674,True,753.9563831818049,9.007174949909341,True,True,0,FP
576,198.5881201454769,205.570479525674,False,740.4156670805354,9.007174949909341,True,True,0,FP
577,292.3325187165965,205.570479525674,True,734.5250964464984,9.007174949909341,True,True,0,FP
578,245.3903478664339,205.570479525674,True,835.9582570003787,9.007174949909341,True,True,0,FP
579,417.14454118862255,205.570479525674,True,905.3529934204278,9.007174949909341,True,True,0,FP
580,232.21528161606878,205.570479525674,True,983.9076408845149,9.007174949909341,True,True,0,FP
581,412.05881196050495,205.570479525674,True,971.3831254129288,9.007174949909341,True,True,0,FP
582,217.87300857136526,205.570479525674,True,881.7104847147554,9.007174949909341,True,True,0,FP
583,159.04643354002502,205.570479525674,False,831.4406265781513,9.007174949909341,True,True,0,FP
584,298.0709059260336,205.570479525674,True,931.7434304392921,9.007174949909341,True,True,0,FP
585,236.77138182396197,205.570479525674,True,839.1349353359594,9.007174949909341,True,True,0,FP
586,155.81058587387247,205.570479525674,False,769.2661484609656,9.007174949909341,True,True,0,FP
587,195.9003034133659,205.570479525674,False,760.3992962609666,9.007174949909341,True,True,0,FP
588,180.09127272153557,205.570479525674,False,786.7913212719145,9.007174949909341,True,True,0,FP
589,244.1468432173764,205.570479525674,True,754.2184092135361,9.007174949909341,True,True,0,FP
590,233.63362282087246,205.570479525674,True,774.1329182432572,9.007174949909341,True,True,0,FP
591,188.1327655335187,205.570479525674,False,795.0388503650655,9.007174949909341,True,True,0,FP
592,239.10499446169348,205.570479525674,True,834.9571215110778,9.007174949909341,True,True,0,FP
593,220.9057501828441,205.570479525674,True,831.7337575308206,9.007174949909341,True,True,0,FP
594,189.3695039762169,205.570479525674,False,856.960474695183,9.007174949909341,True,True,0,FP
595,219.2650016827751,205.570479525674,True,843.1534463993128,9.007174949909341,True,True,0,FP
596,257.6523161437379,205.570479525674,True,846.4179534551062,9.007174949909341,True,True,0,FP
597,191.55384222547923,205.570479525674,False,802.8843604085158,9.007174949909341,True,True,0,FP
598,183.69031083152743,205.570479525674,False,811.1008884798325,9.007174949909341,True,True,0,FP
599,203.22120402239693,205.570479525674,False,837.4789361515124,9.007174949909341,True,True,0,FP
600,294.50326622077165,205.570479525674,True,854.3923969927106,9.007174949909341,True,True,0,FP
601,252.13831928730616,205.570479525674,True,896.0332498275351,9.007174949909341,True,True,0,FP
602,216.93992053228186,205.570479525674,True,891.0831822121778,9.007174949909341,True,True,0,FP
603,191.79002833578082,205.570479525674,False,879.3263763832821,9.007174949909341,True,True,0,FP
604,215.1371803919469,205.570479525674,True,861.5524408809804,9.007174949909341,True,True,0,FP
605,291.7638743451326,205.570479525674,True,934.4483305198002,9.007174949909341,True,True,0,FP
606,199.4869791240198,205.570479525674,False,940.9116133236448,9.007174949909341,True,True,0,FP
607,188.02854523660204,205.570479525674,False,983.0166675308164,9.007174949909341,True,True,0,FP
608,269.6795559352921,205.570479525674,True,1056.2575095376637,9.007174949909341,True,True,0,FP
609,254.47152535379098,205.570479525674,True,1101.3723760057119,9.007174949909341,True,True,0,FP
610,204.07473564175444,205.570479525674,False,1093.233690104571,9.007174949909341,True,True,0,FP
611,260.5909544575941,205.570479525674,True,1027.2378180046132,9.007174949909341,True,True,0,FP
612,440.01054445878594,205.570479525674,True,978.5878605093062,9.007174949909341,True,True,0,FP
613,257.9755057773849,205.570479525674,True,954.2729724050921,9.007174949909341,True,True,0,FP
614,272.8414501033511,205.570479525674,True,1044.5768852330098,9.007174949909341,True,True,0,FP
615,248.4526583555092,205.570479525674,True,1094.83978549314,9.007174949909341,True,True,0,FP
616,180.83098439449515,205.570479525674,False,1043.3629607855598,9.007174949909341,True,True,0,FP
617,270.31351318945184,205.570479525674,True,1064.9249990139112,9.007174949909341,True,True,0,FP
618,267.83886648655516,205.570479525674,True,980.8017514970919,9.007174949909341,True,True,0,FP
619,163.53516674215,205.570479525674,False,965.3053671800519,9.007174949909341,True,True,0,FP
620,259.94617023829824,205.570479525674,True,1054.1500988491625,9.007174949909341,True,True,0,FP
621,212.89802302619375,205.570479525674,True,1073.0650888034727,9.007174949909341,True,True,0,FP
622,259.4474217818088,205.570479525674,True,994.553019415291,9.007174949909341,True,True,0,FP
623,220.33475579139355,205.570479525674,True,901.7824873613038,9.007174949909341,True,True,0,FP
624,243.96947706693538,205.570479525674,True,897.5806731295895,9.007174949909341,True,True,0,FP
625,238.69257187725333,205.570479525674,True,974.7877694115425,9.007174949909341,True,True,0,FP
626,330.3104260478028,205.570479525674,True,1043.6833859469298,9.007174949909341,True,True,0,FP
627,260.21957628076433,205.570479525674,True,988.5808112030832,9.007174949909341,True,True,0,FP
628,185.1228516478579,205.570479525674,False,985.2117631300562,9.007174949909341,True,True,0,FP
629,227.56730577045238,205.570479525674,True,1030.4701442667601,9.007174949909341,True,True,0,FP
630,205.68344453288375,205.570479525674,True,1041.6245838596226,9.007174949909341,True,True,0,FP
631,187.49318903365548,205.570479525674,False,1060.1688270063403,9.007174949909341,True,True,0,FP
632,210.52084811930916,205.570479525674,True,1091.6247095726637,9.007174949909341,True,True,0,FP
633,202.1209561636994,205.570479525674,False,987.9257819162099,9.007174949909341,True,True,0,FP
634,295.0593315273526,205.570479525674,True,1060.2500039305698,9.007174949909341,True,True,0,FP
635,224.14478054627452,205.570479525674,True,964.8548270747341,9.007174949909341,True,True,0,FP
636,297.5561261890458,205.570479525674,True,1037.9488381897415,9.007174949909341,True,True,0,FP
637,241.49109400915177,205.570479525674,True,1096.0983478089431,9.007174949909341,True,True,0,FP
638,213.64314027165778,205.570479525674,True,1136.0793979079128,9.007174949909341,True,True,0,FP
639,184.99467766512052,205.570479525674,False,992.5396074894455,9.007174949909341,True,True,0,FP
640,250.71975756292431,205.570479525674,True,1004.6970981166169,9.007174949909341,True,True,0,FP
641,175.34083287222188,205.570479525674,False,958.5779552840105,9.007174949909341,True,True,0,FP
642,216.64617870544453,205.570479525674,True,863.2174124132449,9.007174949909341,True,True,1,TP
643,326.24135777796494,205.570479525674,True,916.0935212607302,9.007174949909341,True,True,0,FP
644,224.15145313501804,205.570479525674,True,922.1852944232734,9.007174949909341,True,True,0,FP
645,230.71544385653146,205.570479525674,True,923.811719786981,9.007174949909341,True,True,0,FP
646,333.0521003074578,205.570479525674,True,952.332870168604,9.007174949909341,True,True,0,FP
647,239.395544618281,205.570479525674,True,889.7110522611977,9.007174949909341,True,True,0,FP
648,292.1744381885631,205.570479525674,True,799.5096757335241,9.007174949909341,True,True,0,FP
649,214.42813733655373,205.570479525674,True,734.3013498500621,9.007174949909341,True,True,0,FP
650,304.60529648080916,205.570479525674,True,880.4063290472262,9.007174949909341,True,True,0,FP
651,265.82761605961815,205.570479525674,True,948.579248499228,9.007174949909341,True,True,0,FP
652,200.50732368332808,205.570479525674,False,869.9233914123596,9.007174949909341,True,True,0,FP
653,251.722730072097,205.570479525674,True,872.401686169858,9.007174949909341,True,True,0,FP
654,204.53953354078905,205.570479525674,False,852.4819751786202,9.007174949909341,True,True,0,FP
655,193.87046349908462,205.570479525674,False,833.7706163837079,9.007174949909341,True,True,0,FP
656,294.01287287957604,205.570479525674,True,833.5520591233584,9.007174949909341,True,True,0,FP
657,175.03286691916247,205.570479525674,False,805.4584706888166,9.007174949909341,True,True,0,FP
658,185.00476015710012,205.570479525674,False,752.6302407491532,9.007174949909341,True,True,0,FP
659,225.7881904246856,205.570479525674,True,692.4319445764281,9.007174949909341,True,True,0,FP
660,218.08228152316923,205.570479525674,True,741.9739561294145,9.007174949909341,True,True,0,FP
661,151.93896342678585,205.570479525674,False,749.3922121104335,9.007174949909341,True,True,0,FP
662,317.58272772737763,205.570479525674,True,651.9817236271595,9.007174949909341,True,True,0,FP
663,287.9758170397695,205.570479525674,True,681.5209963736954,9.007174949909341,True,True,0,FP
664,244.41060024607282,205.570479525674,True,738.5889338815106,9.007174949909341,True,True,0,FP
665,185.55968754670033,205.570479525674,False,660.4535493084641,9.007174949909341,True,True,0,FP
666,225.11565121970818,205.570479525674,True,683.8634807785845,9.007174949909341,True,True,0,FP
667,219.89936509222923,205.570479525674,True,723.7276287413158,9.007174949909341,True,True,0,FP
668,192.55700179353423,205.570479525674,False,700.9090101244548,9.007174949909341,True,True,0,FP
669,159.3149160405203,205.570479525674,False,721.1220126900877,9.007174949909341,True,True,0,FP
670,194.46184219791485,205.570479525674,False,634.3261350895564,9.007174949909341,True,True,0,FP
671,193.62413791023926,205.570479525674,False,656.0098192023362,9.007174949909341,True,True,0,FP
672,215.11147954707073,205.570479525674,True,633.5437764462888,9.007174949909341,True,True,0,FP
673,217.8845878595775,205.570479525674,True,648.7808795999341,9.007174949909341,True,True,0,FP
674,224.1644587772083,205.570479525674,True,624.0379344294846,9.007174949909341,True,True,0,FP
675,164.5162265255333,205.570479525674,False,624.5458174641518,9.007174949909341,True,True,0,FP
676,191.5833166699507,205.570479525674,False,648.6430290160797,9.007174949909341,True,True,0,FP
677,191.94709754098946,205.570479525674,False,672.312407293574,9.007174949909341,True,True,0,FP
678,215.43059396514985,205.570479525674,True,714.7338870226826,9.007174949909341,True,True,0,FP
679,193.6473637499949,205.570479525674,False,687.530676786395,9.007174949909341,True,True,0,FP
680,207.64399991077005,205.570479525674,True,637.5130548637392,9.007174949909341,True,True,0,FP
681,172.52867025043997,205.570479525674,False,609.9264945051873,9.007174949909341,True,True,0,FP
682,191.50018830129224,205.570479525674,False,639.7054027252457,9.007174949909341,True,True,0,FP
683,212.93386936365,205.570479525674,True,642.9226808615886,9.007174949909341,True,True,0,FP
684,168.55981015026254,205.570479525674,False,619.8594311549627,9.007174949909341,True,True,0,FP
685,213.4403590504797,205.570479525674,True,639.3888671572022,9.007174949909341,True,True,0,FP
686,221.6225356259692,205.570479525674,True,642.2223414149091,9.007174949909341,True,True,0,FP
687,111.77092639664073,205.570479525674,False,578.801891359279,9.007174949909341,True,True,0,FP
688,227.57382393361746,205.570479525674,True,571.4582987473942,9.007174949909341,True,True,0,FP
689,182.47080054210508,205.570479525674,False,630.4010627638859,9.007174949909341,True,True,0,FP
